user_id,first_name,last_name,phone,email,devices,dob,city,country,name
1,Jamie,Bright,5338493913,jamie.bright@example.com,Android,05/20/2000,montreal,canada,
2,Arabella,Knox,6522729539,arabella.knox@example.com,"Android, Iphone",02/22/1996,los angeles,usa,
3,Yusra,Fletcher,3857028874,yusra.fletcher@example.com,"Android, Iphone, Desktop",10/30/1998,toronto,canada,
4,Esme,Nielsen,6217975367,esme.nielsen@example.com,"Android, Iphone",02/17/2000,los angeles,usa,
6,Dean,Lewis,2439553782,dean.lewis@example.com,"Android, Iphone, Desktop",10/14/2000,san diego,usa,
7,Inaaya,Velasquez,4892417631,inaaya.velasquez@example.com,"Android, Iphone, Desktop",04/23/1987,los angeles,usa,
8,Tasnim,Cobb,2623808877,tasnim.cobb@example.com,Desktop,01/04/1992,san diego,usa,
9,Asa,Vazquez,5044214485,asa.vazquez@example.com,Android,06/23/2004,toronto,canada,
10,Keith,Donovan,5495156738,keith.donovan@example.com,"Iphone, Desktop",06/22/1994,chicago,usa,
11,Moshe,Colon,1316225442,moshe.colon@example.com,"Iphone, Desktop",02/19/1988,new york,usa,
12,Hussain,Santos,3793526285,hussain.santos@example.com,"Iphone, Desktop",11/06/1989,san diego,usa,
13,Lillian,Hanna,4887628236,lillian.hanna@example.com,Iphone,08/24/1999,los angeles,usa,
14,Harvey,Guerrero,5976776862,harvey.guerrero@example.com,Iphone,02/10/1988,chicago,usa,
15,Leroy,Barrera,6591909378,leroy.barrera@example.com,"Android, Iphone, Desktop",10/23/1989,new york,usa,
16,Zack,Griffin,4673707724,zack.griffin@example.com,Desktop,01/24/1998,san diego,usa,
17,Adele,Garza,4299161662,adele.garza@example.com,"Android, Iphone, Desktop",02/10/1991,new york,usa,
18,Sandra,Cherry,2186054170,sandra.cherry@example.com,Desktop,05/22/1972,san francisco,usa,
19,Carmen,Burton,5273687429,carmen.burton@example.com,"Android, Desktop",03/25/1989,toronto,canada,
20,Donald,Stone,7302604630,donald.stone@example.com,"Android, Desktop",12/10/1994,london,united kingdom,
21,Clifford,Mcgee,7151166302,clifford.mcgee@example.com,"Android, Iphone",11/08/1998,san francisco,usa,
22,Gerald,Maldonado,6601163336,gerald.maldonado@example.com,Android,03/25/1993,san francisco,usa,
23,Danielle,Glenn,7277093351,danielle.glenn@example.com,"Android, Iphone, Desktop",11/23/1992,san francisco,usa,
25,Alina,Mccoy,4952928149,alina.mccoy@example.com,"Iphone, Desktop",12/17/1993,san francisco,usa,
27,Frazer,Anthony,1393961336,frazer.anthony@example.com,"Iphone, Desktop",04/28/1999,new york,usa,
28,Cassie,Molina,8118065304,cassie.molina@example.com,"Android, Desktop",05/17/1972,san francisco,usa,
30,Stephanie,Rice,8309019870,stephanie.rice@example.com,Android,04/19/1990,montreal,canada,
31,Bradley,Butler,9371722269,bradley.butler@example.com,Iphone,11/25/1988,montreal,canada,
32,Alejandro,Brandt,3342791420,alejandro.brandt@example.com,"Android, Iphone, Desktop",03/12/1992,new york,usa,
34,Livia,Howe,8688284315,livia.howe@example.com,Iphone,10/26/1992,toronto,canada,
35,Linda,Combs,7423958995,linda.combs@example.com,"Android, Iphone, Desktop",07/04/1988,los angeles,usa,
36,Dominik,Odling,3651453897,dominik.odling@example.com,"Android, Desktop",09/17/1996,los angeles,usa,
37,Lili,Schroeder,6403482128,lili.schroeder@example.com,"Android, Iphone",02/26/1999,toronto,canada,
38,Jeremiah,Martin,2773505557,jeremiah.martin@example.com,Android,12/15/1995,london,united kingdom,
40,Clara,Bird,9586053200,clara.bird@example.com,Android,07/17/1998,san francisco,usa,
41,Cody,Riley,8729069681,cody.riley@example.com,"Android, Iphone, Desktop",09/28/1986,london,united kingdom,
42,Tomas,Griffith,4923374468,tomas.griffith@example.com,Iphone,12/14/2000,london,united kingdom,
43,Elena,Pineda,6172269486,elena.pineda@example.com,"Android, Iphone, Desktop",05/17/1967,los angeles,usa,
44,Diana,Davenport,5051798348,diana.davenport@example.com,"Iphone, Desktop",08/11/2005,los angeles,usa,
45,Cordelia,Houston,9465607738,cordelia.houston@example.com,"Android, Iphone",05/14/2000,san francisco,usa,
46,Abubakar,House,7131792294,abubakar.house@example.com,Desktop,02/24/1968,san diego,usa,
47,Celia,Terry,9861493342,celia.terry@example.com,"Iphone, Desktop",09/17/2002,new york,usa,
48,Esther,Mccall,5736966671,esther.mccall@example.com,"Android, Desktop",07/10/1996,los angeles,usa,
49,Idris,Proctor,5841826496,idris.proctor@example.com,"Android, Desktop",09/28/1960,san diego,usa,
50,Bruno,Noble,6397908394,bruno.noble@example.com,Iphone,01/10/1969,san diego,usa,
51,Herman,Munoz,6898819382,herman.munoz@example.com,"Android, Desktop",06/07/1989,los angeles,usa,
52,Amaan,Rangel,8374352302,amaan.rangel@example.com,"Android, Iphone",10/18/1993,montreal,canada,
53,Prince,Thompson,1152157565,prince.thompson@example.com,Desktop,02/05/2004,chicago,usa,
54,Bethany,Santana,9241464189,bethany.santana@example.com,Iphone,03/06/1980,new york,usa,
55,Ernest,Martinez,4485974211,ernest.martinez@example.com,"Android, Desktop",05/16/1995,san diego,usa,
56,Susannah,O'Doherty,9814893689,susannah.o'doherty@example.com,"Android, Iphone, Desktop",04/19/1987,chicago,usa,
57,Billie,Price,9178668131,billie.price@example.com,Desktop,04/13/1962,london,united kingdom,
58,Orlando,Pitts,4277119658,orlando.pitts@example.com,Iphone,11/29/2002,los angeles,usa,
59,Phoebe,Weiss,2995609666,phoebe.weiss@example.com,"Android, Desktop",03/03/1986,london,united kingdom,
60,Juanita,Baldwin,9897868538,juanita.baldwin@example.com,"Android, Iphone, Desktop",06/23/1998,san diego,usa,
61,Honor,Jacobson,6245354606,honor.jacobson@example.com,"Android, Desktop",10/29/1993,san francisco,usa,
62,Ty,Mcintyre,7438569854,ty.mcintyre@example.com,"Android, Iphone",12/29/1998,san francisco,usa,
63,Johnathan,Berger,5454581679,johnathan.berger@example.com,"Iphone, Desktop",02/04/1993,san diego,usa,
64,Jason,Snyder,2026322346,jason.snyder@example.com,Android,09/21/1982,san francisco,usa,
65,Aled,Silva,6123605367,aled.silva@example.com,Iphone,04/20/1985,toronto,canada,
66,Aisha,Webb,4477289592,aisha.webb@example.com,"Android, Desktop",05/05/1985,san francisco,usa,
67,Dewi,Keith,8163214054,dewi.keith@example.com,"Android, Iphone",02/18/1978,chicago,usa,
69,Saoirse,Keller,6999664749,saoirse.keller@example.com,"Android, Iphone, Desktop",07/01/1987,san francisco,usa,
70,Valerie,Oneal,6513356190,valerie.oneal@example.com,"Android, Iphone, Desktop",01/28/1986,toronto,canada,
71,Ilyas,Dunlap,4919811293,ilyas.dunlap@example.com,Iphone,02/01/1997,london,united kingdom,
72,Kingsley,Moyer,9277081141,kingsley.moyer@example.com,"Android, Desktop",02/25/1990,san francisco,usa,
74,Myrtle,Doyle,5257967991,myrtle.doyle@example.com,"Android, Iphone, Desktop",10/02/1994,toronto,canada,
75,Marjorie,Shields,3462072724,marjorie.shields@example.com,"Iphone, Desktop",04/04/1987,san diego,usa,
76,Taha,Casey,5811002001,taha.casey@example.com,"Android, Desktop",02/08/1993,los angeles,usa,
77,Cleo,Greer,1388064136,cleo.greer@example.com,"Android, Iphone",01/26/1997,los angeles,usa,
78,Angela,Mcmillan,8684631850,angela.mcmillan@example.com,Android,02/17/2000,london,united kingdom,
79,Vivian,Peterson,5989953909,vivian.peterson@example.com,Android,07/28/1979,san francisco,usa,
80,Cheryl,Owens,8127759881,cheryl.owens@example.com,"Android, Iphone",07/25/1994,san francisco,usa,
81,Ahmad,Castro,6298075687,ahmad.castro@example.com,Android,07/19/2007,san francisco,usa,
82,Casper,Freeman,9326538020,casper.freeman@example.com,Android,05/27/1986,san diego,usa,
83,Zachery,Brennan,3235913874,zachery.brennan@example.com,Android,03/21/1985,san francisco,usa,
84,Safia,Ayers,5126497865,safia.ayers@example.com,Iphone,01/30/1994,san francisco,usa,
85,Clarence,Hanson,7439085464,clarence.hanson@example.com,"Android, Iphone",06/10/1999,chicago,usa,
86,Douglas,Browning,2475231403,douglas.browning@example.com,Android,09/15/1985,new york,usa,
87,Rahim,Cuevas,3008795941,rahim.cuevas@example.com,Iphone,09/18/1983,los angeles,usa,
88,Humza,Velez,9315024660,humza.velez@example.com,"Iphone, Desktop",02/05/1995,new york,usa,
89,Everett,Fitzpatrick,5203057264,everett.fitzpatrick@example.com,Iphone,07/26/1993,new york,usa,
90,Anas,Blevins,1385153364,anas.blevins@example.com,"Android, Iphone, Desktop",10/24/1993,san diego,usa,
91,Amir,Clark,9242874068,amir.clark@example.com,"Android, Iphone, Desktop",08/03/1998,london,united kingdom,
92,Mohamed,Barr,6041857149,mohamed.barr@example.com,Android,05/14/1990,san francisco,usa,
93,Elif,Khan,6861238571,elif.khan@example.com,"Android, Desktop",05/03/1990,new york,usa,
94,Mia,Horne,6671851569,mia.horne@example.com,"Android, Iphone, Desktop",12/09/1996,los angeles,usa,
95,Miles,Fisher,7025116770,miles.fisher@example.com,"Android, Iphone, Desktop",06/11/1986,san diego,usa,
96,Nadia,Neal,2558744270,nadia.neal@example.com,"Android, Iphone, Desktop",08/22/1984,new york,usa,
97,Alastair,Buckley,7762433725,alastair.buckley@example.com,Android,02/07/1997,san diego,usa,
98,Traci,Banks,3133746903,traci.banks@example.com,"Android, Iphone",03/08/1992,san francisco,usa,
99,Colby,Hart,9007126799,colby.hart@example.com,"Android, Desktop",05/05/1956,san francisco,usa,
100,Usman,Swanson,4311039132,usman.swanson@example.com,"Android, Iphone, Desktop",08/13/1995,london,united kingdom,
101,Michelle,Love,6726518173,michelle.love@example.com,"Android, Iphone",12/01/1965,new york,usa,
102,Alina,Walls,5078834629,alina.walls@example.com,Android,12/06/1991,chicago,usa,
103,Caspar,Hudson,8305844874,caspar.hudson@example.com,Iphone,05/15/1996,toronto,canada,
104,Chelsea,Wyatt,7508019657,chelsea.wyatt@example.com,"Iphone, Desktop",10/11/1997,san diego,usa,
105,Franklin,Conway,7685454465,franklin.conway@example.com,"Android, Desktop",11/06/1991,san diego,usa,
106,Ruth,Andrews,1594686067,ruth.andrews@example.com,"Iphone, Desktop",04/15/1990,chicago,usa,
107,Polly,Reyes,2967403450,polly.reyes@example.com,Iphone,09/15/1992,san diego,usa,
108,Mohsin,Tucker,1743898757,mohsin.tucker@example.com,Desktop,02/17/1999,toronto,canada,
109,Huw,Valentine,4418471955,huw.valentine@example.com,"Iphone, Desktop",01/23/1992,chicago,usa,
110,Pearl,Perez,9479266369,pearl.perez@example.com,Iphone,11/22/1996,san francisco,usa,
111,Harriett,Mccoy,9564383865,harriett.mccoy@example.com,"Android, Iphone, Desktop",10/09/2004,san francisco,usa,
112,Aiden,Galvan,5592821575,aiden.galvan@example.com,Desktop,02/08/1981,san diego,usa,
113,Kaan,Miranda,9405695175,kaan.miranda@example.com,Android,10/06/1980,san francisco,usa,
114,Laurie,Melendez,4883821416,laurie.melendez@example.com,"Iphone, Desktop",10/26/1989,toronto,canada,
115,Tanya,Watson,4325154933,tanya.watson@example.com,"Android, Iphone",03/07/1987,montreal,canada,
116,Gerard,Vargas,6631493581,gerard.vargas@example.com,"Android, Iphone, Desktop",01/21/1989,san diego,usa,
118,Sean,Bolton,2222415406,sean.bolton@example.com,"Android, Iphone",12/08/2006,los angeles,usa,
121,Jasper,Brandt,5277567352,jasper.brandt@example.com,Desktop,11/14/1987,london,united kingdom,
122,Teresa,Mccarty,2231144003,teresa.mccarty@example.com,"Iphone, Desktop",03/25/1977,toronto,canada,
123,Finnian,Fisher,3828799946,finnian.fisher@example.com,"Android, Iphone",07/30/1956,toronto,canada,
124,Carol,York,4025865192,carol.york@example.com,Android,07/30/1990,san diego,usa,
126,Bessie,Cole,4243903432,bessie.cole@example.com,Iphone,05/08/1959,san diego,usa,
127,Zoya,Giles,3017507631,zoya.giles@example.com,"Android, Iphone",07/15/1997,toronto,canada,
128,Malik,Cuevas,9353372537,malik.cuevas@example.com,Android,04/13/1977,san diego,usa,
129,Alejandro,Duncan,4871509471,alejandro.duncan@example.com,Desktop,04/27/2005,london,united kingdom,
130,Zohaib,Hartman,9284006426,zohaib.hartman@example.com,Desktop,07/24/1994,montreal,canada,
131,Alivia,Armstrong,3983677522,alivia.armstrong@example.com,Iphone,05/23/1998,chicago,usa,
132,Tina,Powell,3722186551,tina.powell@example.com,"Android, Desktop",12/13/1988,new york,usa,
133,Zack,Mcclain,5862809496,zack.mcclain@example.com,Iphone,02/29/1984,new york,usa,
134,Lydia,Chan,6495853076,lydia.chan@example.com,"Iphone, Desktop",05/16/2003,san francisco,usa,
135,Bertie,Ward,9719228663,bertie.ward@example.com,"Android, Desktop",06/26/1987,montreal,canada,
136,Hafsah,Booker,7317302543,hafsah.booker@example.com,"Iphone, Desktop",09/19/2003,new york,usa,
137,India,Simmons,6059203435,india.simmons@example.com,"Android, Iphone",05/11/1994,san diego,usa,
138,Adnan,Allen,5613657378,adnan.allen@example.com,"Android, Desktop",01/01/1987,chicago,usa,
139,Kamran,Wilcox,4763657838,kamran.wilcox@example.com,"Android, Desktop",07/06/1994,london,united kingdom,
140,Gary,Hutchinson,2455065389,gary.hutchinson@example.com,Android,11/16/1990,san francisco,usa,
141,Adriana,Stafford,4737416496,adriana.stafford@example.com,Iphone,06/03/1997,montreal,canada,
143,Ian,Ho,5861751970,ian.ho@example.com,Android,06/17/1987,san francisco,usa,
144,Emelia,Page,9295754315,emelia.page@example.com,"Iphone, Desktop",10/11/1991,san francisco,usa,
145,Elijah,Castaneda,3547095741,elijah.castaneda@example.com,Desktop,12/07/1987,chicago,usa,
146,Edith,Walker,8051464773,edith.walker@example.com,Iphone,03/30/1956,los angeles,usa,
147,Eleanor,Mcintosh,1535383431,eleanor.mcintosh@example.com,Android,07/27/1991,toronto,canada,
148,Maksymilian,Crosby,2988379139,maksymilian.crosby@example.com,Android,06/04/2000,new york,usa,
149,Abdirahman,Mullen,6694428257,abdirahman.mullen@example.com,"Android, Iphone, Desktop",10/24/1987,toronto,canada,
150,Mariah,Castro,8661551011,mariah.castro@example.com,"Android, Iphone",08/27/1990,new york,usa,
151,Laiba,Ingram,7802002871,laiba.ingram@example.com,"Iphone, Desktop",09/19/1994,san diego,usa,
152,Matteo,Moon,8305465378,matteo.moon@example.com,"Android, Iphone",12/04/1995,london,united kingdom,
153,Blaine,Boyer,4119971636,blaine.boyer@example.com,Desktop,02/17/1990,london,united kingdom,
154,Thomas,English,8911902889,thomas.english@example.com,Desktop,06/08/1963,new york,usa,
155,Lochlan,Fitzgerald,7629734444,lochlan.fitzgerald@example.com,Desktop,03/17/1994,san francisco,usa,
156,Alia,Brooks,3272928469,alia.brooks@example.com,"Android, Desktop",09/01/1993,montreal,canada,
157,Aimee,Duffy,8561447655,aimee.duffy@example.com,"Android, Iphone",08/22/1998,san diego,usa,
158,Ethan,Price,5581347531,ethan.price@example.com,"Android, Iphone, Desktop",12/23/1994,los angeles,usa,
159,Will,Santana,4602318743,will.santana@example.com,"Android, Desktop",05/04/1988,los angeles,usa,
160,Alessia,Watts,6195805165,alessia.watts@example.com,Android,02/24/2000,new york,usa,
161,Eliza,Gordon,8059467433,eliza.gordon@example.com,Android,12/23/2001,los angeles,usa,
162,Martina,Boyle,1458244775,martina.boyle@example.com,Desktop,10/13/1999,los angeles,usa,
163,Talha,Austin,2793453532,talha.austin@example.com,"Iphone, Desktop",08/22/1997,new york,usa,
164,Herman,Knowles,1309368674,herman.knowles@example.com,"Iphone, Desktop",12/08/1986,los angeles,usa,
165,Amira,Berg,6279548991,amira.berg@example.com,"Android, Iphone",08/15/1990,chicago,usa,
166,Darcie,Lane,8999013539,darcie.lane@example.com,Android,10/08/1987,los angeles,usa,
167,Kurtis,Marks,6903963965,kurtis.marks@example.com,Desktop,09/01/1995,montreal,canada,
168,Josie,Pham,2025698234,josie.pham@example.com,"Android, Iphone, Desktop",11/23/1993,san diego,usa,
169,Katy,Harrington,6458297495,katy.harrington@example.com,Iphone,11/17/1985,san francisco,usa,
170,Macie,Payne,7827376408,macie.payne@example.com,Android,02/09/1986,new york,usa,
171,Patrick,Morse,2201023684,patrick.morse@example.com,"Android, Iphone",06/13/2005,new york,usa,
172,Nathaniel,Gonzalez,4211456627,nathaniel.gonzalez@example.com,Desktop,04/29/2006,chicago,usa,
174,Kiera,Cotton,2546277406,kiera.cotton@example.com,Android,12/27/1996,los angeles,usa,
175,Tia,Potter,1374916519,tia.potter@example.com,"Android, Iphone",07/28/1987,new york,usa,
176,Melvin,Flores,7086928746,melvin.flores@example.com,"Iphone, Desktop",08/01/1986,london,united kingdom,
177,Hassan,Kemp,1314712639,hassan.kemp@example.com,Desktop,07/19/1987,san diego,usa,
178,Jenson,Carver,1287894202,jenson.carver@example.com,"Iphone, Desktop",01/11/1962,chicago,usa,
179,Aminah,Wells,9506399777,aminah.wells@example.com,"Android, Iphone, Desktop",09/01/1972,chicago,usa,
180,Dhruv,Villarreal,9315593083,dhruv.villarreal@example.com,"Android, Desktop",06/02/1989,london,united kingdom,
181,Rhodri,Kelley,1066512649,rhodri.kelley@example.com,Iphone,08/03/1958,los angeles,usa,
182,Luqman,Carrillo,1245332523,luqman.carrillo@example.com,Android,09/07/1993,new york,usa,
183,Ishaan,Stevenson,6313675233,ishaan.stevenson@example.com,Desktop,09/06/1987,san francisco,usa,
184,David,Bridges,9464472454,david.bridges@example.com,Iphone,12/09/1990,new york,usa,
185,Milton,Carlson,3445596014,milton.carlson@example.com,Desktop,03/25/1988,los angeles,usa,
186,Gareth,Sutherland,4717447605,gareth.sutherland@example.com,Android,10/01/1965,san diego,usa,
187,Andre,Long,8836912967,andre.long@example.com,"Iphone, Desktop",10/30/1988,san francisco,usa,
188,Ridwan,Houston,5303085425,ridwan.houston@example.com,Desktop,02/12/2000,london,united kingdom,
189,Darcey,Whitney,4838602350,darcey.whitney@example.com,"Android, Iphone, Desktop",08/24/1996,san francisco,usa,
190,Charlotte,Baxter,7571937348,charlotte.baxter@example.com,"Android, Desktop",07/13/1992,san francisco,usa,
191,Damon,Bullock,1308649453,damon.bullock@example.com,"Android, Desktop",06/17/1986,chicago,usa,
192,Leonie,Sanders,2483669279,leonie.sanders@example.com,"Android, Iphone",05/22/1988,chicago,usa,
193,Susie,Gibbons,1947774804,susie.gibbons@example.com,"Android, Iphone, Desktop",02/11/1976,los angeles,usa,
194,Fynn,Graham,7638423292,fynn.graham@example.com,"Android, Iphone",06/29/1999,toronto,canada,
195,Jorge,Maldonado,2202963772,jorge.maldonado@example.com,"Android, Desktop",11/30/1998,san diego,usa,
196,Alanna,Stephens,7102828586,alanna.stephens@example.com,Iphone,05/06/2000,chicago,usa,
197,Tiago,Dunn,7287964352,tiago.dunn@example.com,"Android, Iphone",11/14/2000,san diego,usa,
198,Zakir,Russell,5995889264,zakir.russell@example.com,"Iphone, Desktop",08/30/1996,toronto,canada,
199,Asa,Haines,3274645734,asa.haines@example.com,"Android, Iphone",08/27/1994,london,united kingdom,
200,Eesa,Buchanan,5333975445,eesa.buchanan@example.com,"Android, Iphone",03/27/1989,london,united kingdom,
201,Conor,Rush,6636714088,conor.rush@example.com,Iphone,03/25/1997,new york,usa,
202,Kabir,Stewart,8918873513,kabir.stewart@example.com,"Android, Desktop",06/09/2007,san francisco,usa,
203,Lili,Patel,8235093052,lili.patel@example.com,"Android, Desktop",07/22/1988,montreal,canada,
204,Philippa,Webster,4078927705,philippa.webster@example.com,Android,12/20/2003,toronto,canada,
205,Zoe,Newman,6207654496,zoe.newman@example.com,"Iphone, Desktop",06/04/2002,san francisco,usa,
206,Azaan,Roth,1301192032,azaan.roth@example.com,"Android, Iphone",10/17/1981,los angeles,usa,
207,Mark,Friedman,1118623502,mark.friedman@example.com,"Android, Desktop",12/04/2004,san diego,usa,
208,Jessie,Greer,9503171709,jessie.greer@example.com,"Android, Iphone, Desktop",01/07/1990,london,united kingdom,
209,Eliot,Stokes,8649751957,eliot.stokes@example.com,Iphone,08/10/1981,los angeles,usa,
210,Alessia,Jenkins,5473882503,alessia.jenkins@example.com,Iphone,08/24/1958,chicago,usa,
211,Gerard,Francis,9587243846,gerard.francis@example.com,"Android, Iphone, Desktop",09/25/2002,chicago,usa,
212,Angela,Lynch,2277378739,angela.lynch@example.com,"Android, Iphone",10/03/2001,san francisco,usa,
213,Kyran,Wyatt,7788419881,kyran.wyatt@example.com,"Android, Iphone",10/31/2001,montreal,canada,
214,Eugene,Taylor,7129263402,eugene.taylor@example.com,Iphone,02/14/1993,toronto,canada,
215,Katerina,Turner,7535115460,katerina.turner@example.com,"Iphone, Desktop",05/05/1986,san francisco,usa,
216,Nataniel,Nunez,2021585194,nataniel.nunez@example.com,Desktop,07/14/1963,new york,usa,
217,Phoebe,Rodriguez,5167794464,phoebe.rodriguez@example.com,"Android, Desktop",06/16/1985,new york,usa,
219,Sinead,Horne,3403559098,sinead.horne@example.com,"Android, Desktop",07/01/1994,toronto,canada,
220,Sahar,Kim,7186762743,sahar.kim@example.com,"Android, Iphone",12/26/2003,san francisco,usa,
221,Emmie,Schmidt,1302369253,emmie.schmidt@example.com,Android,04/07/1968,san francisco,usa,
223,Rupert,Mejia,1942352353,rupert.mejia@example.com,"Android, Desktop",09/08/1987,san francisco,usa,
224,Lily-Rose,Kaufman,2719632123,lily-rose.kaufman@example.com,Android,12/20/1993,chicago,usa,
225,Neil,Haynes,4212195363,neil.haynes@example.com,"Android, Iphone, Desktop",08/18/1985,san diego,usa,
226,Morgan,Hardy,9747617628,morgan.hardy@example.com,"Iphone, Desktop",07/27/2006,london,united kingdom,
227,Ibraheem,Mcgee,6671929013,ibraheem.mcgee@example.com,Iphone,12/06/1991,san diego,usa,
229,Kate,Cline,9277412027,kate.cline@example.com,"Android, Desktop",10/11/1985,toronto,canada,
230,Hana,Barr,5411804090,hana.barr@example.com,"Android, Desktop",10/09/1987,san francisco,usa,
231,Darcy,Wall,1093983560,darcy.wall@example.com,Desktop,05/19/1986,montreal,canada,
232,Aisha,Winters,2808311664,aisha.winters@example.com,Desktop,03/03/1993,toronto,canada,
233,Zayd,Yoder,2593887717,zayd.yoder@example.com,"Android, Desktop",10/02/2002,new york,usa,
234,Esmee,Harmon,2716043446,esmee.harmon@example.com,"Android, Desktop",04/21/1978,new york,usa,
235,Tamara,Riddle,4814057265,tamara.riddle@example.com,"Android, Iphone, Desktop",09/26/2003,los angeles,usa,
236,Gloria,Mason,4953798123,gloria.mason@example.com,Iphone,04/10/1997,los angeles,usa,
237,Carter,Coleman,5308261153,carter.coleman@example.com,"Iphone, Desktop",04/02/1989,san francisco,usa,
238,Ashleigh,Trevino,6217106972,ashleigh.trevino@example.com,Android,05/20/1996,san francisco,usa,
239,Edward,Ayala,4163373343,edward.ayala@example.com,"Android, Desktop",10/11/1999,montreal,canada,
240,Amira,Lane,3215694426,amira.lane@example.com,Desktop,11/22/1996,san francisco,usa,
241,Chris,Zimmerman,3718754229,chris.zimmerman@example.com,Desktop,01/07/2001,san diego,usa,
242,Hazel,Joseph,2726474049,hazel.joseph@example.com,Desktop,09/03/1985,new york,usa,
243,Brogan,Fitzgerald,9557328107,brogan.fitzgerald@example.com,"Android, Iphone",01/27/1995,montreal,canada,
244,Taylor,Ramos,8332821248,taylor.ramos@example.com,"Android, Desktop",02/28/1985,toronto,canada,
245,Elsie,Cuevas,1865366820,elsie.cuevas@example.com,Iphone,10/23/2007,montreal,canada,
246,Zara,Washington,6793671926,zara.washington@example.com,"Iphone, Desktop",03/19/1999,london,united kingdom,
247,Douglas,Lozano,9161363366,douglas.lozano@example.com,Iphone,02/13/1991,new york,usa,
248,Bethan,Franco,3178955803,bethan.franco@example.com,Android,08/02/2001,toronto,canada,
249,Clementine,Whitaker,1933483198,clementine.whitaker@example.com,Desktop,09/25/1993,los angeles,usa,
250,Sarah,Mooney,5074461333,sarah.mooney@example.com,"Android, Iphone, Desktop",06/02/1986,chicago,usa,
251,Grayson,Rasmussen,3128919587,grayson.rasmussen@example.com,Android,10/19/1975,new york,usa,
252,Jemima,Leonard,1493105366,jemima.leonard@example.com,Desktop,04/17/1997,chicago,usa,
253,Oskar,Mccarty,5822697396,oskar.mccarty@example.com,"Iphone, Desktop",12/04/1992,london,united kingdom,
254,Bonnie,Woods,1044435734,bonnie.woods@example.com,"Android, Iphone, Desktop",03/30/1993,san francisco,usa,
255,Miriam,Pacheco,4014645796,miriam.pacheco@example.com,"Android, Desktop",01/02/1995,san diego,usa,
256,Zahraa,Villanueva,1301834153,zahraa.villanueva@example.com,Desktop,05/30/1985,san francisco,usa,
257,Alia,Hess,7353717432,alia.hess@example.com,Desktop,12/28/1991,san diego,usa,
258,Felicity,Tran,5305399474,felicity.tran@example.com,"Android, Iphone",02/06/1986,san diego,usa,
259,Lily,Chan,3909116534,lily.chan@example.com,"Android, Iphone",11/16/1992,san francisco,usa,
260,Darcey,Robles,7907595249,darcey.robles@example.com,Iphone,08/06/1994,london,united kingdom,
262,Everly,Cortez,9549951806,everly.cortez@example.com,Android,11/28/1993,toronto,canada,
263,Tommy,Farmer,9994314584,tommy.farmer@example.com,Android,03/13/1992,toronto,canada,
264,Maximillian,Atkins,4218348740,maximillian.atkins@example.com,"Android, Iphone",06/07/1995,toronto,canada,
265,Eddie,Archer,1302798355,eddie.archer@example.com,"Iphone, Desktop",08/13/1991,san francisco,usa,
266,Gregory,Strong,9524041885,gregory.strong@example.com,"Iphone, Desktop",12/25/1991,new york,usa,
267,Jake,Spencer,4452165918,jake.spencer@example.com,"Android, Iphone, Desktop",09/13/1992,san diego,usa,
268,Johnny,Ford,7601269651,johnny.ford@example.com,"Android, Iphone, Desktop",02/11/1986,san francisco,usa,
269,Yusuf,Salazar,3113517403,yusuf.salazar@example.com,Android,06/15/1987,toronto,canada,
270,Nelson,Huff,1696194582,nelson.huff@example.com,"Android, Iphone, Desktop",02/16/2000,new york,usa,
272,Findlay,Velasquez,6753198856,findlay.velasquez@example.com,"Android, Iphone, Desktop",12/10/2000,los angeles,usa,
273,Georgiana,Horton,2902009393,georgiana.horton@example.com,"Android, Desktop",03/30/1960,los angeles,usa,
274,Bronte,Riley,7862918203,bronte.riley@example.com,Iphone,05/23/1986,toronto,canada,
275,Harriett,Villegas,3295058826,harriett.villegas@example.com,"Android, Desktop",11/22/1987,los angeles,usa,
276,Bertha,Carter,7083562109,bertha.carter@example.com,"Android, Desktop",06/28/1969,chicago,usa,
277,Fay,Lucas,4368181915,fay.lucas@example.com,"Android, Iphone",12/10/1990,montreal,canada,
278,Rachael,Sykes,6233191782,rachael.sykes@example.com,"Iphone, Desktop",06/18/1995,san diego,usa,
279,Annabelle,Atkinson,4942633527,annabelle.atkinson@example.com,Android,05/28/1985,san francisco,usa,
280,Zac,Wagner,1313969743,zac.wagner@example.com,"Android, Iphone, Desktop",10/08/1988,san francisco,usa,
282,Elysia,Mata,1113881063,elysia.mata@example.com,"Iphone, Desktop",06/11/1998,new york,usa,
283,Autumn,Hensley,1071565064,autumn.hensley@example.com,"Android, Iphone",07/26/1997,new york,usa,
284,Maximilian,Whitney,8042451465,maximilian.whitney@example.com,"Android, Desktop",12/02/1984,san francisco,usa,
285,Lorna,Levy,8091141988,lorna.levy@example.com,Iphone,04/07/2007,toronto,canada,
286,Cordelia,Marquez,6369102488,cordelia.marquez@example.com,"Iphone, Desktop",11/17/1985,los angeles,usa,
287,Jan,Daniels,3054498274,jan.daniels@example.com,"Android, Desktop",04/15/1999,montreal,canada,
288,Donald,Dale,9954947868,donald.dale@example.com,Desktop,05/27/1996,san francisco,usa,
289,Adele,Cantrell,2643197312,adele.cantrell@example.com,"Android, Desktop",03/04/1985,new york,usa,
290,Brenda,Ingram,9193586885,brenda.ingram@example.com,"Android, Iphone, Desktop",12/30/1993,montreal,canada,
291,Brooklyn,Gamble,1871387951,brooklyn.gamble@example.com,"Iphone, Desktop",10/09/2000,chicago,usa,
292,Anya,Bray,3969005179,anya.bray@example.com,Iphone,02/28/1993,toronto,canada,
293,Oliwia,Dominguez,1613091110,oliwia.dominguez@example.com,"Iphone, Desktop",11/28/1997,san diego,usa,
294,Faizan,Hill,5726495353,faizan.hill@example.com,Android,05/30/2002,san francisco,usa,
295,Maisy,Clark,9668018945,maisy.clark@example.com,"Android, Iphone",07/31/1992,san diego,usa,
296,Steven,Reid,4909774025,steven.reid@example.com,"Android, Desktop",08/22/1977,san francisco,usa,
297,Ayesha,O'Reilly,2736165739,ayesha.o'reilly@example.com,Iphone,04/07/1988,san diego,usa,
298,Chanel,Lang,2848954854,chanel.lang@example.com,"Iphone, Desktop",03/10/1956,san francisco,usa,
299,Aadam,Browning,7022767562,aadam.browning@example.com,"Android, Iphone, Desktop",08/01/2001,san francisco,usa,
300,Danny,Knapp,6656574948,danny.knapp@example.com,"Android, Iphone, Desktop",01/02/1992,los angeles,usa,
301,Huda,Rogers,7141691009,huda.rogers@example.com,Desktop,10/28/1991,new york,usa,
302,Ellena,Ramsey,6392675334,ellena.ramsey@example.com,Desktop,03/18/1985,san diego,usa,
303,Nikita,Marquez,4928151793,nikita.marquez@example.com,Android,06/26/1985,montreal,canada,
304,Siena,Stanton,2472607851,siena.stanton@example.com,"Android, Iphone, Desktop",08/21/1988,chicago,usa,
305,Doris,Griffith,8391249420,doris.griffith@example.com,"Iphone, Desktop",05/03/1962,san francisco,usa,
306,Libbie,Swanson,1761084411,libbie.swanson@example.com,Iphone,07/30/1993,chicago,usa,
307,Rebekah,Shaw,5313801711,rebekah.shaw@example.com,"Android, Desktop",12/28/1985,chicago,usa,
308,Noah,Benton,9365221085,noah.benton@example.com,"Iphone, Desktop",11/30/2002,los angeles,usa,
309,Barnaby,Payne,1402967511,barnaby.payne@example.com,Android,03/06/2007,london,united kingdom,
310,Aya,Hoover,6401046782,aya.hoover@example.com,"Android, Iphone, Desktop",02/21/1990,chicago,usa,
311,Mariam,Campos,1029161394,mariam.campos@example.com,Iphone,08/22/2003,san diego,usa,
312,Marissa,Rubio,4008159011,marissa.rubio@example.com,"Iphone, Desktop",07/28/1996,chicago,usa,
313,Alice,Nielsen,9887638894,alice.nielsen@example.com,Desktop,08/29/1982,chicago,usa,
314,Neve,Hendrix,9658716717,neve.hendrix@example.com,"Iphone, Desktop",12/21/2003,chicago,usa,
315,Kiara,Sosa,9829692499,kiara.sosa@example.com,Android,06/18/1998,los angeles,usa,
316,Mathilda,Abbott,8934204063,mathilda.abbott@example.com,Desktop,06/11/1972,new york,usa,
317,Bessie,Cuevas,6293796872,bessie.cuevas@example.com,"Android, Iphone",10/05/1985,toronto,canada,
318,Mario,Luna,5476243479,mario.luna@example.com,"Android, Iphone, Desktop",05/01/1998,toronto,canada,
319,Tess,Short,9909182059,tess.short@example.com,"Android, Desktop",04/27/1991,los angeles,usa,
320,Liberty,Stephenson,6137405020,liberty.stephenson@example.com,Android,11/21/2007,san francisco,usa,
321,Leena,Castillo,6488458799,leena.castillo@example.com,Desktop,12/22/2006,san francisco,usa,
322,Melissa,Harding,6147659511,melissa.harding@example.com,Android,01/24/2000,san francisco,usa,
323,Seren,Rocha,8802364632,seren.rocha@example.com,Iphone,05/31/1999,toronto,canada,
324,Thea,Hamilton,8685476826,thea.hamilton@example.com,"Android, Iphone, Desktop",03/16/1987,montreal,canada,
325,Matilda,Griffin,1767584552,matilda.griffin@example.com,"Android, Iphone",10/17/1987,toronto,canada,
326,Archibald,Melendez,5534828315,archibald.melendez@example.com,"Android, Iphone",03/29/1995,chicago,usa,
327,Oliver,Sanford,6286461375,oliver.sanford@example.com,"Android, Iphone",11/13/1988,toronto,canada,
328,Otis,Pittman,5634949026,otis.pittman@example.com,"Android, Iphone, Desktop",10/26/1985,san diego,usa,
329,Rory,Bartlett,4294114734,rory.bartlett@example.com,"Android, Iphone",11/23/1986,san diego,usa,
331,Lia,Hudson,6715605008,lia.hudson@example.com,"Android, Iphone",12/07/1992,san francisco,usa,
332,Gertrude,Huffman,1487393707,gertrude.huffman@example.com,Iphone,05/28/1986,san diego,usa,
333,Tamzin,Hernandez,6579451077,tamzin.hernandez@example.com,"Android, Desktop",02/07/1995,chicago,usa,
334,Elisabeth,Tran,3634412226,elisabeth.tran@example.com,"Android, Desktop",10/28/1989,london,united kingdom,
335,Aaminah,Daniel,8773147868,aaminah.daniel@example.com,"Android, Iphone, Desktop",12/20/1987,new york,usa,
336,Katrina,Foster,4975445065,katrina.foster@example.com,"Android, Iphone",04/12/1991,london,united kingdom,
337,Xavier,Mcguire,3295697858,xavier.mcguire@example.com,Desktop,05/02/1981,san francisco,usa,
339,Sahil,Lyons,4947029881,sahil.lyons@example.com,"Android, Desktop",10/22/1989,montreal,canada,
340,Lilly-Rose,Richards,2642138415,lilly-rose.richards@example.com,"Android, Iphone, Desktop",01/12/1991,new york,usa,
341,Alexandros,Green,7254272794,alexandros.green@example.com,Iphone,01/05/1976,san diego,usa,
342,Alfred,Stuart,7131451454,alfred.stuart@example.com,Desktop,11/07/1999,los angeles,usa,
343,Taha,Carroll,3681542650,taha.carroll@example.com,"Android, Iphone",05/26/1956,chicago,usa,
345,Hannah,Zuniga,5152683667,hannah.zuniga@example.com,"Android, Iphone, Desktop",06/30/2001,chicago,usa,
346,Caiden,Kaufman,8053493127,caiden.kaufman@example.com,Desktop,11/14/1994,montreal,canada,
347,Jemma,Greer,2207523577,jemma.greer@example.com,Desktop,11/17/1996,san francisco,usa,
348,Alistair,Moore,3584893754,alistair.moore@example.com,"Iphone, Desktop",06/08/1999,los angeles,usa,
349,Rachael,Shields,5573849605,rachael.shields@example.com,"Android, Iphone, Desktop",03/09/2005,new york,usa,
350,Jed,Myers,9209274758,jed.myers@example.com,Desktop,06/17/1991,san francisco,usa,
351,Keaton,Ortiz,6767169033,keaton.ortiz@example.com,"Iphone, Desktop",10/04/2006,san diego,usa,
352,Maliha,Hood,2965526256,maliha.hood@example.com,Desktop,05/20/2003,san diego,usa,
353,Jennie,Monroe,6133852077,jennie.monroe@example.com,Desktop,09/04/2001,montreal,canada,
354,Sharon,Rojas,9015139962,sharon.rojas@example.com,Iphone,06/23/2001,new york,usa,
355,Dawid,Lozano,4107889917,dawid.lozano@example.com,Iphone,03/14/2007,toronto,canada,
356,Romeo,Martin,8344604855,romeo.martin@example.com,"Iphone, Desktop",12/12/2002,toronto,canada,
357,Nikhil,Peck,3957693300,nikhil.peck@example.com,"Iphone, Desktop",10/13/1959,chicago,usa,
359,Jayden,Meyers,2334808798,jayden.meyers@example.com,Android,01/08/1988,san diego,usa,
361,Joel,Baldwin,1615348719,joel.baldwin@example.com,Desktop,08/21/1997,san diego,usa,
362,Fletcher,Moreno,2282026360,fletcher.moreno@example.com,Android,10/26/1992,san francisco,usa,
363,Layton,Suarez,9092185658,layton.suarez@example.com,Android,02/25/1989,san francisco,usa,
364,Markus,Weaver,8061245977,markus.weaver@example.com,"Android, Desktop",01/13/1985,los angeles,usa,
365,Martina,Moran,6413239929,martina.moran@example.com,Desktop,11/09/1990,toronto,canada,
366,Maxwell,Lee,2211388090,maxwell.lee@example.com,Iphone,11/22/1998,san francisco,usa,
367,Eryn,Bowers,7673728468,eryn.bowers@example.com,"Android, Iphone, Desktop",11/29/1975,chicago,usa,
368,Marie,Hughes,9185889531,marie.hughes@example.com,"Android, Iphone, Desktop",01/24/1996,new york,usa,
369,Reggie,Strong,4596458476,reggie.strong@example.com,"Android, Iphone, Desktop",02/29/2004,toronto,canada,
370,Darcey,Powell,5586089550,darcey.powell@example.com,"Android, Iphone",07/17/1996,san diego,usa,
371,Ismaeel,Roach,3344366254,ismaeel.roach@example.com,"Iphone, Desktop",10/28/1987,los angeles,usa,
372,Holly,Gillespie,5376537820,holly.gillespie@example.com,"Iphone, Desktop",12/01/2004,new york,usa,
373,Robbie,Paul,8522364050,robbie.paul@example.com,"Android, Desktop",11/12/1985,los angeles,usa,
374,Sara,Harris,5497502047,sara.harris@example.com,"Android, Iphone",01/17/1992,san francisco,usa,
375,Brandon,Rangel,4177068052,brandon.rangel@example.com,"Android, Iphone",08/16/1994,new york,usa,
376,Saskia,Glover,8833021765,saskia.glover@example.com,"Iphone, Desktop",07/05/1993,los angeles,usa,
377,Phyllis,Gill,8216754190,phyllis.gill@example.com,Iphone,10/06/1989,los angeles,usa,
378,Junior,Mcgowan,8201646757,junior.mcgowan@example.com,Android,07/23/1983,san francisco,usa,
380,James,Warner,8393125829,james.warner@example.com,Iphone,08/21/1997,toronto,canada,
381,Elsa,Hebert,3897391832,elsa.hebert@example.com,Iphone,11/25/1994,los angeles,usa,
382,Zachery,Snow,3542952894,zachery.snow@example.com,Iphone,01/26/2000,toronto,canada,
383,Owen,Michael,1789108863,owen.michael@example.com,Iphone,10/17/2006,toronto,canada,
384,Fraser,Hooper,2286369031,fraser.hooper@example.com,Iphone,10/28/1994,new york,usa,
385,Olivia,Slater,6182391471,olivia.slater@example.com,"Android, Iphone, Desktop",06/18/1993,los angeles,usa,
386,Gregory,Mcgrath,2841615702,gregory.mcgrath@example.com,Desktop,01/02/1965,san francisco,usa,
387,Jesse,Perry,7116218470,jesse.perry@example.com,"Iphone, Desktop",03/07/1996,new york,usa,
388,Yousef,Andrews,5329106535,yousef.andrews@example.com,"Android, Iphone",02/26/1995,los angeles,usa,
389,Levi,Hoffman,4423529243,levi.hoffman@example.com,"Android, Iphone",03/08/2000,london,united kingdom,
390,Camilla,Wells,1494829546,camilla.wells@example.com,"Android, Desktop",10/29/1993,london,united kingdom,
391,Laiba,Knapp,3114604985,laiba.knapp@example.com,Iphone,05/16/1995,new york,usa,
392,Kyle,Joseph,4996006164,kyle.joseph@example.com,"Android, Desktop",09/27/1987,toronto,canada,
394,Guy,Osborn,9906866129,guy.osborn@example.com,Desktop,09/01/1998,san francisco,usa,
395,Maxim,Romero,3987966242,maxim.romero@example.com,Desktop,09/20/1989,san diego,usa,
396,Penny,Hanson,8532976593,penny.hanson@example.com,Desktop,09/15/1986,toronto,canada,
397,Zaynab,Salas,6966921941,zaynab.salas@example.com,Iphone,12/04/1999,san diego,usa,
398,Myrtle,Lewis,7272892785,myrtle.lewis@example.com,"Android, Iphone, Desktop",11/26/1986,london,united kingdom,
399,Nathan,Pearce,1611925834,nathan.pearce@example.com,"Android, Iphone, Desktop",07/24/2004,los angeles,usa,
400,Joanna,Durham,3028636548,joanna.durham@example.com,Iphone,09/09/1997,los angeles,usa,
401,Gloria,Quinn,2251759968,gloria.quinn@example.com,"Android, Desktop",06/14/2007,san diego,usa,
402,Safaa,Lopez,8637145286,safaa.lopez@example.com,Android,03/06/1998,chicago,usa,
404,Verity,Oneal,7365553571,verity.oneal@example.com,"Android, Desktop",07/15/1990,san francisco,usa,
405,Cecily,Blaese,2344462115,cecily.blaese@example.com,"Iphone, Desktop",09/16/1970,toronto,canada,
406,Gideon,Perez,1359445781,gideon.perez@example.com,"Android, Iphone, Desktop",12/26/1997,toronto,canada,
407,Trinity,Mora,4066452610,trinity.mora@example.com,Android,08/09/1994,toronto,canada,
408,Adnan,Moore,1326449432,adnan.moore@example.com,Iphone,07/31/1993,san francisco,usa,
409,Aleksander,Durham,5823065689,aleksander.durham@example.com,"Android, Iphone, Desktop",07/24/1986,new york,usa,
410,Findlay,O'Quinn,6057138734,findlay.o'quinn@example.com,Android,06/10/1997,los angeles,usa,
411,Candice,Hooper,3825061338,candice.hooper@example.com,"Android, Iphone, Desktop",07/10/1992,toronto,canada,
413,Charlotte,Trevino,1107154620,charlotte.trevino@example.com,"Android, Iphone",02/04/1969,new york,usa,
414,Ahmed,Mcpherson,7973001323,ahmed.mcpherson@example.com,Android,02/17/1998,los angeles,usa,
415,Christopher,Pollard,9157439764,christopher.pollard@example.com,"Android, Iphone, Desktop",03/08/1989,san diego,usa,
416,Emilie,Mckee,2709146681,emilie.mckee@example.com,"Android, Iphone",12/10/1990,san francisco,usa,
417,Sufyaan,Gonzales,7297678923,sufyaan.gonzales@example.com,"Android, Iphone, Desktop",12/07/1989,san diego,usa,
418,Kian,Stephens,8208815658,kian.stephens@example.com,"Android, Iphone, Desktop",01/27/2002,chicago,usa,
419,Celine,Calderon,1102932276,celine.calderon@example.com,Iphone,02/23/1973,san diego,usa,
420,Pablo,Benton,9184743062,pablo.benton@example.com,Android,03/21/1994,london,united kingdom,
421,Juliet,Gordon,6476019488,juliet.gordon@example.com,Android,02/25/1993,san diego,usa,
422,Ruby,Reid,8779774677,ruby.reid@example.com,Iphone,02/28/1989,san francisco,usa,
423,Haaris,Blevins,7905972437,haaris.blevins@example.com,Iphone,08/08/1959,chicago,usa,
424,Carol,Bean,1682633805,carol.bean@example.com,Android,11/15/1958,san francisco,usa,
425,Ines,Davis,2382159099,ines.davis@example.com,Desktop,11/07/2000,san francisco,usa,
426,Bill,Chen,2648951912,bill.chen@example.com,"Android, Iphone, Desktop",01/15/1976,toronto,canada,
428,Abi,Montgomery,9049331987,abi.montgomery@example.com,Desktop,06/23/1991,montreal,canada,
429,Mike,Hurst,4882476930,mike.hurst@example.com,"Iphone, Desktop",03/15/1995,montreal,canada,
430,Huw,Pearson,5054761251,huw.pearson@example.com,Iphone,02/05/1988,san diego,usa,
431,Alannah,Vaughn,9421305841,alannah.vaughn@example.com,Android,02/16/2000,san francisco,usa,
432,Camilla,Huff,9439764626,camilla.huff@example.com,"Android, Desktop",08/20/2004,san francisco,usa,
433,Angelo,Manning,1823516749,angelo.manning@example.com,Android,06/09/1989,toronto,canada,
434,Enzo,Hess,3598743781,enzo.hess@example.com,"Android, Desktop",11/02/1966,los angeles,usa,
435,Jorge,Hebert,3015269714,jorge.hebert@example.com,Desktop,03/21/1999,los angeles,usa,
436,Alan,Burton,7956828733,alan.burton@example.com,Android,12/12/1999,san francisco,usa,
437,Harvey,Rios,4399405960,harvey.rios@example.com,"Android, Iphone",12/05/1986,los angeles,usa,
438,Leslie,Harrington,1705171270,leslie.harrington@example.com,"Android, Iphone",08/01/1986,chicago,usa,
439,Leona,Daugherty,8152887354,leona.daugherty@example.com,"Android, Iphone, Desktop",06/26/1997,montreal,canada,
440,Dean,Koch,5106828416,dean.koch@example.com,Desktop,12/14/1991,san francisco,usa,
441,Conrad,Hanna,9349543387,conrad.hanna@example.com,"Iphone, Desktop",09/27/1985,san diego,usa,
442,Lenny,Hardy,6185711851,lenny.hardy@example.com,"Iphone, Desktop",04/23/1999,toronto,canada,
443,Miguel,Guerrero,5426184471,miguel.guerrero@example.com,"Android, Iphone, Desktop",01/04/1999,san francisco,usa,
444,Karina,Mata,4289194395,karina.mata@example.com,"Android, Iphone",03/12/1994,san francisco,usa,
445,Marco,Fletcher,1965512162,marco.fletcher@example.com,"Android, Iphone",01/04/2007,los angeles,usa,
446,Julius,Marquez,1892358167,julius.marquez@example.com,"Iphone, Desktop",03/31/1987,montreal,canada,
447,Lucy,Livingston,5289805732,lucy.livingston@example.com,"Android, Desktop",09/14/1993,san diego,usa,
449,Raja,Hull,2096444005,raja.hull@example.com,"Android, Desktop",02/06/1989,toronto,canada,
451,Amie,Lin,1538149880,amie.lin@example.com,"Android, Desktop",08/12/1999,new york,usa,
452,Iqra,Kelly,3193375741,iqra.kelly@example.com,"Android, Iphone, Desktop",06/10/1998,los angeles,usa,
453,Kiran,Barr,7555939023,kiran.barr@example.com,Iphone,12/29/1988,new york,usa,
454,Zuzanna,Moody,7272216352,zuzanna.moody@example.com,"Iphone, Desktop",02/28/1991,san diego,usa,
455,Margaret,Woods,6933389657,margaret.woods@example.com,Desktop,03/29/1990,chicago,usa,
456,Larry,Clay,1514942927,larry.clay@example.com,Iphone,12/20/1958,montreal,canada,
457,Ffion,Brandt,5601974771,ffion.brandt@example.com,Desktop,02/24/2001,san diego,usa,
458,Taha,Torres,6851467547,taha.torres@example.com,Iphone,09/25/1988,los angeles,usa,
459,Hector,Lam,7846052200,hector.lam@example.com,"Android, Desktop",06/23/1991,los angeles,usa,
460,Demi,Dennis,4293741894,demi.dennis@example.com,Iphone,02/09/1995,los angeles,usa,
461,Leila,Hawkins,9709929362,leila.hawkins@example.com,Iphone,09/29/1997,los angeles,usa,
462,Junior,Schwartz,5432529069,junior.schwartz@example.com,"Iphone, Desktop",06/29/1989,san francisco,usa,
463,Tristan,Lambert,1255673504,tristan.lambert@example.com,"Android, Iphone, Desktop",03/17/1958,san diego,usa,
464,Liliana,Carpenter,7694037834,liliana.carpenter@example.com,Iphone,05/11/1996,new york,usa,
466,Charis,Cotton,5987711224,charis.cotton@example.com,Desktop,12/01/1996,toronto,canada,
467,Zubair,Sheppard,8454254523,zubair.sheppard@example.com,"Android, Iphone, Desktop",08/26/1985,san francisco,usa,
469,Zohaib,Preston,5755407871,zohaib.preston@example.com,Iphone,12/15/1970,san francisco,usa,
470,Kyla,Brennan,4408636538,kyla.brennan@example.com,Desktop,11/15/1964,toronto,canada,
471,Amira,Mueller,4458674511,amira.mueller@example.com,Iphone,03/19/1990,san francisco,usa,
472,Colby,Baxter,5847473867,colby.baxter@example.com,Android,08/15/1985,los angeles,usa,
473,Hayden,Lucas,5273086637,hayden.lucas@example.com,"Android, Desktop",10/29/1992,montreal,canada,
476,Sabrina,Becker,8953648107,sabrina.becker@example.com,Android,06/08/1998,toronto,canada,
478,Alejandro,Ali,6854679906,alejandro.ali@example.com,Desktop,01/30/1999,san francisco,usa,
479,Terence,Rosales,2986416696,terence.rosales@example.com,"Iphone, Desktop",02/09/1991,toronto,canada,
480,Abu,Miranda,6151024849,abu.miranda@example.com,"Iphone, Desktop",11/11/1998,los angeles,usa,
481,Sophia,Randolph,9726672372,sophia.randolph@example.com,"Android, Iphone",08/24/1988,new york,usa,
482,Ahmad,Patrick,8754861626,ahmad.patrick@example.com,"Android, Iphone",08/19/1999,toronto,canada,
483,Christine,Davenport,1688532168,christine.davenport@example.com,Iphone,06/14/1978,montreal,canada,
484,Lowri,Brady,1162744785,lowri.brady@example.com,"Android, Iphone",02/01/1996,toronto,canada,
485,Ashley,Cain,6792446655,ashley.cain@example.com,Desktop,02/13/1990,london,united kingdom,
486,Andre,Le,5831143994,andre.le@example.com,Android,01/21/1995,san francisco,usa,
487,Bernard,Moran,8632653242,bernard.moran@example.com,Iphone,08/13/1986,san francisco,usa,
489,Khadija,Dunlap,7524721641,khadija.dunlap@example.com,"Android, Desktop",07/06/1995,san francisco,usa,
490,Rhonda,Coffey,4734204500,rhonda.coffey@example.com,"Iphone, Desktop",07/18/1991,san francisco,usa,
491,Ehsan,Anthony,3646874749,ehsan.anthony@example.com,Desktop,12/14/1990,san francisco,usa,
492,Haider,Mcguire,7196499057,haider.mcguire@example.com,Desktop,02/03/1990,new york,usa,
493,Jazmine,Harper,9563246086,jazmine.harper@example.com,"Iphone, Desktop",05/25/1988,los angeles,usa,
494,Bryan,Caldwell,1611041451,bryan.caldwell@example.com,Desktop,06/19/1996,san francisco,usa,
495,Sandra,Bowman,1902349749,sandra.bowman@example.com,"Android, Iphone, Desktop",06/28/1996,los angeles,usa,
496,Micheal,Maldonado,8958508289,micheal.maldonado@example.com,Desktop,03/07/1988,london,united kingdom,
497,Arjun,Mccarthy,1522553479,arjun.mccarthy@example.com,Android,06/08/1998,los angeles,usa,
498,Keisha,Norris,1178503045,keisha.norris@example.com,"Android, Iphone",03/07/1990,new york,usa,
499,Harris,Mack,6333385745,harris.mack@example.com,Iphone,11/27/1998,new york,usa,
501,Nannie,Carr,1757093929,nannie.carr@example.com,"Android, Desktop",01/10/1989,san francisco,usa,
502,Imran,Page,2032098114,imran.page@example.com,"Iphone, Desktop",04/20/1995,montreal,canada,
503,Jim,Moses,5604461279,jim.moses@example.com,Iphone,04/09/1985,london,united kingdom,
504,Anjali,Peck,7034976452,anjali.peck@example.com,Iphone,03/20/1996,san diego,usa,
505,Bessie,Conley,1289127282,bessie.conley@example.com,Iphone,09/17/1997,london,united kingdom,
506,Jude,Manning,7059923397,jude.manning@example.com,"Android, Iphone, Desktop",09/26/1956,new york,usa,
507,Bridget,Oneill,3491167728,bridget.oneill@example.com,Android,11/13/1990,san francisco,usa,
508,Brooke,Barron,7155885341,brooke.barron@example.com,Iphone,03/19/1988,chicago,usa,
509,Lukas,Howard,8465088212,lukas.howard@example.com,"Android, Desktop",08/13/1995,chicago,usa,
510,Kaya,Jacobson,8709094612,kaya.jacobson@example.com,Android,12/13/1989,san francisco,usa,
511,Kitty,Carroll,3056171384,kitty.carroll@example.com,Iphone,05/26/1965,san diego,usa,
512,Khadijah,Little,2582114243,khadijah.little@example.com,"Android, Iphone",10/01/1977,san diego,usa,
513,Scarlett,Bradley,8419636257,scarlett.bradley@example.com,Iphone,04/10/1985,san diego,usa,
514,Willard,Odling,1563018459,willard.odling@example.com,"Android, Desktop",08/25/1986,chicago,usa,
515,Gerald,Carver,6588674112,gerald.carver@example.com,Desktop,09/27/1968,los angeles,usa,
516,Kate,Key,3362833896,kate.key@example.com,"Iphone, Desktop",04/13/1995,san francisco,usa,
517,Danielle,Lester,4273425497,danielle.lester@example.com,"Android, Iphone",01/27/2005,san francisco,usa,
518,Mabel,Pace,7523472146,mabel.pace@example.com,"Iphone, Desktop",10/11/1989,los angeles,usa,
519,Eoin,Fields,5077667432,eoin.fields@example.com,Android,03/04/1968,los angeles,usa,
520,Henry,Holloway,7604815035,henry.holloway@example.com,Desktop,05/20/1995,san francisco,usa,
521,Khalid,Mclaughlin,1408791467,khalid.mclaughlin@example.com,Android,08/11/1996,san francisco,usa,
522,Umar,Guerrero,2078903313,umar.guerrero@example.com,"Android, Iphone, Desktop",08/19/1993,san francisco,usa,
523,Ameera,Kirby,6117769890,ameera.kirby@example.com,"Android, Desktop",01/28/1971,london,united kingdom,
524,Emre,Everett,9862817506,emre.everett@example.com,"Iphone, Desktop",05/01/1989,san francisco,usa,
525,Aidan,Mcmahon,8966472628,aidan.mcmahon@example.com,"Android, Iphone, Desktop",07/11/1998,new york,usa,
526,Tara,Brewer,1145075478,tara.brewer@example.com,Iphone,02/20/1990,new york,usa,
527,Layton,Cisneros,6246314459,layton.cisneros@example.com,Android,03/16/1959,san francisco,usa,
528,Md,Booker,5449441609,md.booker@example.com,"Android, Desktop",08/30/1991,new york,usa,
529,Lawrence,Simon,3057086970,lawrence.simon@example.com,Iphone,12/27/1996,san diego,usa,
530,Isobelle,Davidson,2372954490,isobelle.davidson@example.com,Iphone,02/10/2000,san francisco,usa,
531,Jake,Salazar,2507051154,jake.salazar@example.com,Android,03/18/1994,san francisco,usa,
532,Lawson,Levine,7859365286,lawson.levine@example.com,"Android, Iphone, Desktop",02/26/1987,san francisco,usa,
533,Joshua,Holt,9935417464,joshua.holt@example.com,"Iphone, Desktop",01/25/2007,new york,usa,
534,Ada,Walsh,3919638942,ada.walsh@example.com,Desktop,02/02/1986,san francisco,usa,
535,Carolyn,Pittman,4512157038,carolyn.pittman@example.com,Android,11/02/1985,new york,usa,
536,Orla,Monroe,2007223778,orla.monroe@example.com,"Iphone, Desktop",03/15/1993,toronto,canada,
537,Bronwyn,Hanna,7634694049,bronwyn.hanna@example.com,Android,11/10/2000,toronto,canada,
538,Tristan,Valdez,1096141639,tristan.valdez@example.com,"Android, Iphone",04/06/1987,los angeles,usa,
539,Ruth,Stone,4299309178,ruth.stone@example.com,"Android, Iphone",09/26/1998,montreal,canada,
540,Savannah,Boone,1595736793,savannah.boone@example.com,"Android, Iphone, Desktop",10/06/2003,los angeles,usa,
541,Elysia,Schaefer,2643219679,elysia.schaefer@example.com,"Android, Desktop",07/18/2000,montreal,canada,
542,Moses,O'Gallagher,3034069507,moses.o'gallagher@example.com,Android,07/10/2004,chicago,usa,
543,Esme,Krueger,1731382227,esme.krueger@example.com,"Android, Iphone",07/01/2000,toronto,canada,
544,Millie,Yates,6734243380,millie.yates@example.com,"Android, Iphone",12/03/2002,chicago,usa,
545,Valentina,Cross,1424862939,valentina.cross@example.com,"Android, Iphone",03/10/1990,los angeles,usa,
546,Lenny,Patrick,1092476898,lenny.patrick@example.com,"Android, Iphone",11/26/1990,san francisco,usa,
547,Ty,Serrano,9015707400,ty.serrano@example.com,Iphone,12/23/1986,san francisco,usa,
548,Katherine,Whitehead,4168899840,katherine.whitehead@example.com,"Android, Iphone, Desktop",03/11/1995,los angeles,usa,
549,Danny,Tate,5747799113,danny.tate@example.com,Android,01/19/1986,san diego,usa,
550,Prince,Sharp,8862788764,prince.sharp@example.com,"Iphone, Desktop",04/13/1999,montreal,canada,
551,Donovan,Evans,7291342962,donovan.evans@example.com,Iphone,09/21/2005,montreal,canada,
553,Rajan,Fletcher,4431596306,rajan.fletcher@example.com,"Android, Desktop",05/10/1985,chicago,usa,
554,Tyrell,Holman,5825744299,tyrell.holman@example.com,"Iphone, Desktop",05/27/1994,san francisco,usa,
555,Ammar,Floyd,9601076796,ammar.floyd@example.com,"Iphone, Desktop",12/02/1999,new york,usa,
556,Zayn,Webb,5617617547,zayn.webb@example.com,"Android, Desktop",07/08/1997,new york,usa,
557,Wilbur,Valentine,7182839417,wilbur.valentine@example.com,"Android, Iphone, Desktop",08/13/1988,san francisco,usa,
558,Clementine,Sloan,4809063761,clementine.sloan@example.com,"Android, Iphone",09/12/2006,chicago,usa,
559,Cecilia,Edwards,9419638256,cecilia.edwards@example.com,"Android, Iphone, Desktop",09/23/1989,london,united kingdom,
560,Aled,Harris,9241323783,aled.harris@example.com,"Iphone, Desktop",08/06/1998,san diego,usa,
561,Miya,Warner,2042881980,miya.warner@example.com,Desktop,10/07/1995,los angeles,usa,
562,Marjorie,Morrison,6422038931,marjorie.morrison@example.com,Android,02/10/1997,san francisco,usa,
563,Safaa,Sharpe,6489553738,safaa.sharpe@example.com,Desktop,06/06/1991,san francisco,usa,
564,Craig,Mcknight,6348139351,craig.mcknight@example.com,"Android, Desktop",03/27/1987,chicago,usa,
565,Alice,Huber,1905383053,alice.huber@example.com,Desktop,08/17/1989,chicago,usa,
566,Cruz,Neal,7325132567,cruz.neal@example.com,Desktop,11/11/1989,chicago,usa,
567,Macy,King,4758267209,macy.king@example.com,Android,01/30/2001,montreal,canada,
568,Zaki,Mcpherson,3442782013,zaki.mcpherson@example.com,"Android, Desktop",07/05/1988,san francisco,usa,
569,Magnus,Mcneil,1259937660,magnus.mcneil@example.com,"Iphone, Desktop",01/16/1995,san francisco,usa,
570,Vinnie,Schwartz,7909487013,vinnie.schwartz@example.com,Desktop,01/18/1986,san diego,usa,
571,Keelan,Thompson,2541569308,keelan.thompson@example.com,"Iphone, Desktop",11/27/1993,san francisco,usa,
572,Davina,O'Doherty,3306498079,davina.o'doherty@example.com,"Android, Desktop",10/17/1988,new york,usa,
573,Arron,Herman,9992225375,arron.herman@example.com,Desktop,12/13/1996,san diego,usa,
575,Casper,Padilla,8232612968,casper.padilla@example.com,"Android, Iphone",07/10/1989,san francisco,usa,
576,David,Mcconnell,9675857262,david.mcconnell@example.com,Iphone,10/21/1998,san francisco,usa,
577,Yasin,Rogers,4167763422,yasin.rogers@example.com,Iphone,07/23/1989,san diego,usa,
578,Demi,Callahan,7131768275,demi.callahan@example.com,Android,05/07/1992,toronto,canada,
579,Sufyaan,Castillo,4124798766,sufyaan.castillo@example.com,"Android, Desktop",09/13/2006,montreal,canada,
581,Kamal,Gates,6226601036,kamal.gates@example.com,Android,05/15/1997,chicago,usa,
582,Yusra,Norman,9459404995,yusra.norman@example.com,"Android, Desktop",11/10/1978,los angeles,usa,
583,Bryony,Stevens,5374475075,bryony.stevens@example.com,Desktop,04/13/1985,new york,usa,
584,Darcy,Jenkins,7058907715,darcy.jenkins@example.com,Iphone,08/20/1998,los angeles,usa,
585,Sufyan,Guzman,1255836823,sufyan.guzman@example.com,"Iphone, Desktop",02/14/1986,montreal,canada,
586,Casey,Finley,3068934689,casey.finley@example.com,"Android, Iphone, Desktop",12/08/1974,london,united kingdom,
587,Alina,Odom,7378284041,alina.odom@example.com,"Android, Iphone, Desktop",10/09/1998,chicago,usa,
588,Miranda,Cain,3772636278,miranda.cain@example.com,Desktop,03/22/1991,los angeles,usa,
589,Omari,Gibbs,5247497401,omari.gibbs@example.com,Desktop,03/30/1964,san diego,usa,
590,Susannah,Kane,1727731455,susannah.kane@example.com,"Android, Iphone, Desktop",04/13/1981,new york,usa,
591,Annalise,Stephens,8532241381,annalise.stephens@example.com,"Iphone, Desktop",01/14/2004,toronto,canada,
592,Jamil,Shepherd,2982765058,jamil.shepherd@example.com,"Android, Iphone, Desktop",08/28/1989,toronto,canada,
593,Danyal,Lang,6298754423,danyal.lang@example.com,"Iphone, Desktop",02/14/1965,toronto,canada,
594,Barry,Reilly,1178639669,barry.reilly@example.com,Desktop,09/02/1988,montreal,canada,
595,Archie,Gregory,9453012904,archie.gregory@example.com,"Android, Desktop",10/22/1987,san diego,usa,
596,Hajra,Baxter,6005422254,hajra.baxter@example.com,Android,11/25/1990,san francisco,usa,
597,Earl,Fowler,6482689331,earl.fowler@example.com,"Android, Iphone",12/15/1986,los angeles,usa,
598,Monica,Bruce,3023685572,monica.bruce@example.com,Iphone,10/09/1996,los angeles,usa,
599,Astrid,Delgado,6413173741,astrid.delgado@example.com,"Android, Iphone, Desktop",03/08/1995,london,united kingdom,
600,Bill,Jacobs,2797049018,bill.jacobs@example.com,Android,03/05/1999,san francisco,usa,
601,Rio,Pennington,4731231959,rio.pennington@example.com,"Android, Iphone, Desktop",03/26/1991,new york,usa,
602,Jazmin,Lopez,1168663838,jazmin.lopez@example.com,"Android, Iphone, Desktop",06/27/1993,los angeles,usa,
603,Bilal,Shaffer,3087747278,bilal.shaffer@example.com,Desktop,02/10/1975,san diego,usa,
604,Elisha,Cobb,8215361739,elisha.cobb@example.com,Iphone,03/05/1992,san francisco,usa,
605,Earl,Hobbs,9168667237,earl.hobbs@example.com,Desktop,09/15/1998,new york,usa,
606,Bertha,Walsh,1295062067,bertha.walsh@example.com,"Android, Iphone",03/28/1996,london,united kingdom,
607,Bibi,Roberts,6317968801,bibi.roberts@example.com,Android,10/16/1990,new york,usa,
608,Rishi,Barron,3311284346,rishi.barron@example.com,"Android, Iphone, Desktop",02/11/2000,montreal,canada,
610,Keira,Herman,6072582059,keira.herman@example.com,Android,11/29/1992,los angeles,usa,
611,Omari,Richmond,9211793270,omari.richmond@example.com,Desktop,11/13/1987,san diego,usa,
612,Rabia,Parsons,2444708381,rabia.parsons@example.com,Android,11/18/1985,montreal,canada,
613,Larissa,Perez,7421686071,larissa.perez@example.com,"Android, Desktop",09/05/1991,london,united kingdom,
615,Katelyn,Collins,8788709506,katelyn.collins@example.com,Android,06/01/1988,san diego,usa,
616,Jerry,Whitney,9904447435,jerry.whitney@example.com,"Iphone, Desktop",03/22/1999,san francisco,usa,
617,Beau,Duran,7972031866,beau.duran@example.com,"Android, Iphone",08/26/1985,new york,usa,
618,Janet,Hughes,1947696265,janet.hughes@example.com,Iphone,06/09/1996,los angeles,usa,
619,Ria,Ponce,5471111151,ria.ponce@example.com,Iphone,06/26/2001,chicago,usa,
620,Neo,Lara,2763194768,neo.lara@example.com,"Android, Iphone",09/21/2005,toronto,canada,
621,Kiana,Carter,2191427516,kiana.carter@example.com,Iphone,05/04/1990,san diego,usa,
622,Alexa,Baird,6047714056,alexa.baird@example.com,Iphone,08/18/1992,san francisco,usa,
623,Ronald,Estes,3288732183,ronald.estes@example.com,Iphone,01/26/1997,chicago,usa,
624,Nia,Adams,5205501148,nia.adams@example.com,"Android, Iphone, Desktop",11/11/1988,san diego,usa,
625,Diane,Kelly,2194495089,diane.kelly@example.com,"Android, Iphone",06/17/1995,montreal,canada,
626,Phoenix,Chapman,7918536464,phoenix.chapman@example.com,"Android, Iphone, Desktop",03/23/1978,los angeles,usa,
627,Everly,Key,1525575017,everly.key@example.com,Iphone,09/13/1986,new york,usa,
629,Mae,Castro,7144852518,mae.castro@example.com,"Iphone, Desktop",07/21/2007,san francisco,usa,
630,Harold,Sharpe,6466221082,harold.sharpe@example.com,"Android, Desktop",04/21/1993,new york,usa,
631,Brooklyn,Fowler,9335019509,brooklyn.fowler@example.com,"Android, Iphone, Desktop",01/26/1999,san francisco,usa,
632,Enya,Chen,2663436530,enya.chen@example.com,"Android, Iphone",05/27/1985,los angeles,usa,
633,Luisa,Fisher,5101671940,luisa.fisher@example.com,Iphone,08/09/1997,san diego,usa,
634,Elodie,Flores,5652439336,elodie.flores@example.com,"Android, Desktop",07/06/1992,san francisco,usa,
635,Hazel,Yoder,8392033903,hazel.yoder@example.com,Android,01/27/2004,london,united kingdom,
636,Amber,Gonzalez,8846281984,amber.gonzalez@example.com,Desktop,07/05/1994,london,united kingdom,
637,Juliet,Buck,4992425191,juliet.buck@example.com,"Android, Iphone",07/17/1998,san francisco,usa,
638,Jamie,Berg,3975156866,jamie.berg@example.com,Desktop,11/15/1992,los angeles,usa,
639,Stella,Wilkinson,1455014975,stella.wilkinson@example.com,"Android, Iphone",03/07/1997,los angeles,usa,
640,Nadia,Wyatt,2775739871,nadia.wyatt@example.com,"Android, Iphone, Desktop",06/23/2001,san diego,usa,
641,Kacie,Morse,1089177237,kacie.morse@example.com,"Android, Iphone, Desktop",03/15/1989,toronto,canada,
642,Seth,Walter,9889327592,seth.walter@example.com,Iphone,09/13/1988,london,united kingdom,
643,Lauren,Ashley,5641338260,lauren.ashley@example.com,"Iphone, Desktop",03/12/1999,london,united kingdom,
644,Wilfred,Michael,6329022453,wilfred.michael@example.com,Iphone,08/21/1968,chicago,usa,
645,Gary,Richards,9709027934,gary.richards@example.com,"Android, Iphone",06/16/1996,toronto,canada,
646,Brittney,Ruiz,2599406592,brittney.ruiz@example.com,"Iphone, Desktop",11/11/2004,san francisco,usa,
647,Jaxson,Moss,4997015813,jaxson.moss@example.com,"Android, Iphone",09/17/2005,san francisco,usa,
648,Luna,Levy,8554841981,luna.levy@example.com,"Android, Iphone, Desktop",10/16/1962,san francisco,usa,
651,Jamil,Maldonado,4247992220,jamil.maldonado@example.com,"Android, Desktop",07/07/2000,new york,usa,
652,Dillon,Johnston,7329047872,dillon.johnston@example.com,Desktop,08/02/1997,new york,usa,
653,Lilli,Bowman,5518674367,lilli.bowman@example.com,Iphone,11/01/2000,new york,usa,
654,Dexter,Hartley,5824894208,dexter.hartley@example.com,Iphone,01/27/1993,san diego,usa,
655,Hari,Everett,4876698884,hari.everett@example.com,"Iphone, Desktop",09/26/1995,san francisco,usa,
656,Tomos,Velez,2336613978,tomos.velez@example.com,"Android, Desktop",03/16/1988,los angeles,usa,
657,Abu,Delacruz,4014112184,abu.delacruz@example.com,"Android, Iphone",12/25/2003,new york,usa,
658,Syeda,Calhoun,7386801717,syeda.calhoun@example.com,Desktop,08/13/2000,chicago,usa,
659,Oliwier,Gill,9021754864,oliwier.gill@example.com,"Android, Iphone, Desktop",07/30/1996,san diego,usa,
660,Zayn,Kaufman,8938908415,zayn.kaufman@example.com,"Iphone, Desktop",09/14/1987,chicago,usa,
661,Vera,Walker,5168112158,vera.walker@example.com,"Iphone, Desktop",02/01/1957,london,united kingdom,
662,Anthony,Mccullough,3301762600,anthony.mccullough@example.com,Desktop,06/16/1967,chicago,usa,
663,Rowan,Acevedo,2236209032,rowan.acevedo@example.com,"Iphone, Desktop",06/09/2004,los angeles,usa,
664,Zara,Oconnell,5435376044,zara.oconnell@example.com,Android,06/25/2003,toronto,canada,
665,Lucia,Cisneros,4705747167,lucia.cisneros@example.com,"Android, Iphone, Desktop",11/08/1992,san francisco,usa,
666,Julius,Donnelly,7333252658,julius.donnelly@example.com,"Android, Desktop",05/23/1993,san francisco,usa,
667,Theresa,Bentley,5534071049,theresa.bentley@example.com,Android,06/02/1993,san francisco,usa,
668,Joshua,Bonner,5507101849,joshua.bonner@example.com,Desktop,12/27/1962,san francisco,usa,
669,Abdirahman,Marsh,6536014374,abdirahman.marsh@example.com,Iphone,06/28/1985,toronto,canada,
670,Jacob,Patton,9142603945,jacob.patton@example.com,"Android, Iphone, Desktop",05/27/1992,san diego,usa,
671,Alexander,Terry,4805601876,alexander.terry@example.com,"Android, Iphone, Desktop",07/21/1988,new york,usa,
672,Kane,Huff,4176119319,kane.huff@example.com,Desktop,03/16/1959,chicago,usa,
673,Sapphire,Hatfield,5643573504,sapphire.hatfield@example.com,"Android, Iphone, Desktop",02/10/1991,san francisco,usa,
674,Mahir,Cooper,8295707880,mahir.cooper@example.com,Desktop,12/02/1986,san francisco,usa,
675,Tom,Tapia,4392271780,tom.tapia@example.com,Desktop,04/20/1985,chicago,usa,
676,Oliwia,Harvey,1437018741,oliwia.harvey@example.com,Desktop,10/14/1992,san francisco,usa,
677,Kelvin,Hendricks,7677264455,kelvin.hendricks@example.com,Android,02/25/1996,san diego,usa,
678,Mustafa,Mason,8661799539,mustafa.mason@example.com,Iphone,05/05/1993,los angeles,usa,
679,Gabriela,Norton,1389686467,gabriela.norton@example.com,Android,11/23/1993,chicago,usa,
680,Esha,Zuniga,8075179078,esha.zuniga@example.com,"Iphone, Desktop",07/31/1997,los angeles,usa,
681,Lucas,Burke,3215122703,lucas.burke@example.com,"Iphone, Desktop",02/21/1985,toronto,canada,
682,Laura,Valdez,7669011157,laura.valdez@example.com,"Android, Iphone, Desktop",01/03/1996,los angeles,usa,
683,Irene,Kim,9468832145,irene.kim@example.com,Iphone,07/28/1979,san francisco,usa,
684,Raheem,Ellis,4919617709,raheem.ellis@example.com,"Iphone, Desktop",09/02/1985,chicago,usa,
685,Lisa,Mcclain,5189689659,lisa.mcclain@example.com,Android,06/14/1991,new york,usa,
686,Mohamed,Miller,8834817339,mohamed.miller@example.com,"Android, Iphone, Desktop",02/15/1999,san diego,usa,
687,Thea,Suarez,6472117337,thea.suarez@example.com,"Android, Iphone, Desktop",10/01/1993,toronto,canada,
688,Leighton,Crane,3727535586,leighton.crane@example.com,Desktop,03/31/1983,los angeles,usa,
689,Kayla,Jones,5797561305,kayla.jones@example.com,"Android, Iphone",01/19/1995,london,united kingdom,
690,Jessie,Noble,5573545286,jessie.noble@example.com,Iphone,04/05/2004,san francisco,usa,
692,Azaan,Barker,3262677811,azaan.barker@example.com,"Android, Iphone, Desktop",05/29/1955,new york,usa,
693,Jayden,Dunlap,6264588110,jayden.dunlap@example.com,"Android, Iphone",11/05/2003,new york,usa,
694,Richard,Pope,2161843684,richard.pope@example.com,"Android, Iphone, Desktop",05/26/1990,los angeles,usa,
695,Xander,Levine,7909691579,xander.levine@example.com,"Iphone, Desktop",03/10/1985,toronto,canada,
696,Anais,Pineda,6093043412,anais.pineda@example.com,Android,02/27/2006,new york,usa,
697,Donald,Horne,7389113567,donald.horne@example.com,"Android, Iphone",11/28/1986,san francisco,usa,
698,Arjun,Dejesus,6937908692,arjun.dejesus@example.com,Iphone,01/08/1995,chicago,usa,
699,Jonathan,Klein,4954194637,jonathan.klein@example.com,Desktop,12/12/1966,los angeles,usa,
700,Dante,Burgess,2222414261,dante.burgess@example.com,"Android, Desktop",11/24/2001,san diego,usa,
701,Tamsin,Stein,9533861321,tamsin.stein@example.com,"Android, Iphone",06/16/1968,los angeles,usa,
702,Brayden,Patrick,1738811582,brayden.patrick@example.com,"Android, Desktop",04/05/1997,los angeles,usa,
703,Wade,Hancock,2454559119,wade.hancock@example.com,"Android, Iphone, Desktop",01/04/2006,london,united kingdom,
704,Nicholas,Thomson,9366153052,nicholas.thomson@example.com,Iphone,08/17/1993,toronto,canada,
705,Vincent,Garrison,5981738153,vincent.garrison@example.com,Iphone,10/26/1975,chicago,usa,
706,Elisha,Garza,3132062033,elisha.garza@example.com,"Android, Iphone, Desktop",07/04/2002,los angeles,usa,
708,Enzo,Whitney,5657095636,enzo.whitney@example.com,"Android, Iphone, Desktop",12/08/1999,chicago,usa,
709,Stacey,Daniel,2468198817,stacey.daniel@example.com,Android,03/23/1991,san diego,usa,
710,Candice,Moyer,9642295609,candice.moyer@example.com,"Android, Iphone",12/20/1991,san francisco,usa,
711,Calvin,Tucker,3387844359,calvin.tucker@example.com,Iphone,07/08/1991,san diego,usa,
712,Bronte,Mendoza,3237836615,bronte.mendoza@example.com,"Android, Iphone",03/10/1993,toronto,canada,
713,Ameer,Orr,9933879130,ameer.orr@example.com,"Android, Desktop",11/07/1986,chicago,usa,
714,Isla,Barber,8605052643,isla.barber@example.com,Iphone,10/03/1985,toronto,canada,
716,Barnaby,Wagner,9745004168,barnaby.wagner@example.com,Desktop,05/06/1960,montreal,canada,
717,Barry,Taylor,9993412797,barry.taylor@example.com,Desktop,09/27/1998,san francisco,usa,
718,Esme,Reeves,1512859583,esme.reeves@example.com,Desktop,02/09/1989,chicago,usa,
719,Marnie,White,2674341395,marnie.white@example.com,Android,10/08/2001,san francisco,usa,
720,Giovanni,Duncan,6791616360,giovanni.duncan@example.com,"Iphone, Desktop",03/18/2003,new york,usa,
721,Hannah,Roman,3317504621,hannah.roman@example.com,Iphone,03/01/1986,london,united kingdom,
722,Nannie,Hunt,2901901157,nannie.hunt@example.com,"Android, Desktop",02/16/1985,chicago,usa,
723,Yash,Mcleod,2705253291,yash.mcleod@example.com,Android,08/21/2007,london,united kingdom,
724,Mae,Barry,5015775306,mae.barry@example.com,Iphone,08/22/1987,london,united kingdom,
725,Dylan,York,8327997454,dylan.york@example.com,Iphone,12/11/1986,chicago,usa,
726,Aya,Weeks,4668887144,aya.weeks@example.com,"Android, Iphone",05/10/1972,toronto,canada,
727,Dawn,Cisneros,3753372745,dawn.cisneros@example.com,Desktop,02/07/1966,toronto,canada,
728,Rohan,Figueroa,5426177442,rohan.figueroa@example.com,Android,12/25/1989,new york,usa,
729,Abigail,Medina,8576021192,abigail.medina@example.com,"Android, Desktop",02/05/1999,london,united kingdom,
730,Rhodri,Haley,5748694715,rhodri.haley@example.com,Iphone,07/29/2005,london,united kingdom,
731,Denzel,Black,6772908939,denzel.black@example.com,"Android, Desktop",11/24/1996,san francisco,usa,
732,Sienna,Howard,8354865256,sienna.howard@example.com,Desktop,07/11/1971,los angeles,usa,
733,Fahad,Gill,7968169963,fahad.gill@example.com,"Android, Iphone",07/13/2001,chicago,usa,
734,Harun,Clark,8532673048,harun.clark@example.com,Android,11/30/1996,san francisco,usa,
735,Shane,Wheeler,3158927127,shane.wheeler@example.com,"Android, Iphone",07/21/2003,los angeles,usa,
737,Kiara,Bell,6142916530,kiara.bell@example.com,"Android, Iphone",01/02/1993,san francisco,usa,
738,Gertrude,Mcgrath,3641501035,gertrude.mcgrath@example.com,"Android, Iphone",12/11/1970,toronto,canada,
739,Lewis,Brooks,7372054525,lewis.brooks@example.com,"Iphone, Desktop",04/27/2004,new york,usa,
740,Khalid,Burke,9737664810,khalid.burke@example.com,Iphone,03/21/1989,chicago,usa,
742,Kieran,Hoover,1011652021,kieran.hoover@example.com,"Android, Desktop",01/17/1997,new york,usa,
743,Wendy,Mcclure,8304029784,wendy.mcclure@example.com,Android,01/09/2001,san diego,usa,
744,Haydn,Ramos,3543769233,haydn.ramos@example.com,"Android, Iphone",02/21/1998,los angeles,usa,
745,Nettie,Bryan,2742748873,nettie.bryan@example.com,Desktop,11/03/1986,chicago,usa,
746,Isabelle,Jenkins,7244443001,isabelle.jenkins@example.com,"Android, Iphone",05/06/1999,san diego,usa,
747,Tia,Ali,5076635326,tia.ali@example.com,Android,10/04/2006,san francisco,usa,
748,Montgomery,Davila,2679997224,montgomery.davila@example.com,"Android, Desktop",03/13/1999,new york,usa,
749,Tobias,Beltran,5987511029,tobias.beltran@example.com,"Iphone, Desktop",04/30/1991,chicago,usa,
750,Yusuf,Dickerson,5028969441,yusuf.dickerson@example.com,Android,10/23/1974,san francisco,usa,
751,Holly,Dillon,6629442078,holly.dillon@example.com,Desktop,05/02/1990,san diego,usa,
752,Marwa,Dennis,4442958051,marwa.dennis@example.com,Iphone,12/04/1996,chicago,usa,
753,Anais,Ball,8024166545,anais.ball@example.com,"Iphone, Desktop",06/03/1987,san diego,usa,
754,Adem,Kerr,2198736077,adem.kerr@example.com,Iphone,11/17/1995,toronto,canada,
755,Amie,Hood,6594264878,amie.hood@example.com,Android,01/25/1985,los angeles,usa,
756,Herbie,Huber,5629251087,herbie.huber@example.com,"Android, Iphone",07/15/1963,new york,usa,
757,Bill,Andersen,9627701270,bill.andersen@example.com,"Android, Iphone",07/28/2004,toronto,canada,
758,Halima,Maldonado,8317436220,halima.maldonado@example.com,"Android, Iphone",04/04/1988,san francisco,usa,
760,Bertie,Cobb,1713736091,bertie.cobb@example.com,Desktop,04/26/2001,san francisco,usa,
761,Gordon,Morales,9734621199,gordon.morales@example.com,"Android, Desktop",08/25/1996,chicago,usa,
762,Frederick,Everett,2626967077,frederick.everett@example.com,"Android, Desktop",10/13/1971,san francisco,usa,
763,Huda,Crane,2433216881,huda.crane@example.com,"Android, Desktop",05/04/1988,toronto,canada,
764,Cecily,Escobar,8405321467,cecily.escobar@example.com,Desktop,11/28/1990,new york,usa,
765,Amir,Blackwell,2913867567,amir.blackwell@example.com,Desktop,07/09/1986,san francisco,usa,
766,Sasha,Berger,4922954570,sasha.berger@example.com,Android,01/27/1994,london,united kingdom,
767,Lina,Trujillo,3515385203,lina.trujillo@example.com,Desktop,02/07/1999,san francisco,usa,
768,Caleb,Obrien,2233871014,caleb.obrien@example.com,"Android, Iphone",09/03/1994,toronto,canada,
769,Marilyn,Scott,3603592274,marilyn.scott@example.com,"Android, Iphone, Desktop",06/05/1990,san francisco,usa,
770,Jannat,Landry,7546349309,jannat.landry@example.com,"Android, Iphone, Desktop",03/02/2006,los angeles,usa,
771,Kristen,Curry,4733719332,kristen.curry@example.com,Desktop,05/05/1955,san francisco,usa,
772,Rajan,Dickson,3727756929,rajan.dickson@example.com,Android,07/23/1994,san diego,usa,
773,Luqman,Larson,1003297363,luqman.larson@example.com,"Android, Iphone",05/24/1960,san francisco,usa,
774,Bryan,Powell,2355384936,bryan.powell@example.com,Android,06/07/1989,san francisco,usa,
775,Haider,Lynn,7961969713,haider.lynn@example.com,Desktop,08/27/1985,san francisco,usa,
776,Jennie,Freeman,3967326980,jennie.freeman@example.com,Desktop,06/13/1985,chicago,usa,
777,Mohsin,Conley,9792013101,mohsin.conley@example.com,Android,01/24/2004,san francisco,usa,
778,Willow,Buck,4726036198,willow.buck@example.com,"Android, Iphone, Desktop",03/16/1993,san francisco,usa,
779,Krish,Hutchinson,4057887051,krish.hutchinson@example.com,"Android, Iphone, Desktop",06/01/1987,london,united kingdom,
780,Madeline,Mann,4411885776,madeline.mann@example.com,Iphone,04/28/1990,new york,usa,
781,Mari,Phillips,3016465827,mari.phillips@example.com,"Iphone, Desktop",09/13/1993,los angeles,usa,
782,Paula,West,3452172266,paula.west@example.com,Iphone,05/12/1990,london,united kingdom,
783,Saira,Lewis,9215629790,saira.lewis@example.com,Iphone,11/25/2002,new york,usa,
784,Tiana,Decker,2551363687,tiana.decker@example.com,"Iphone, Desktop",06/30/2002,london,united kingdom,
786,Earl,Vargas,8214647474,earl.vargas@example.com,Desktop,04/05/1985,san francisco,usa,
787,Delilah,Wu,6685726520,delilah.wu@example.com,Iphone,01/31/1964,los angeles,usa,
789,Lloyd,Wise,5215803829,lloyd.wise@example.com,Iphone,12/09/1998,san francisco,usa,
790,Alex,Alexander,4892908290,alex.alexander@example.com,"Android, Iphone",07/30/2000,san francisco,usa,
791,Aoife,Davidson,6283339139,aoife.davidson@example.com,Android,02/04/1993,london,united kingdom,
792,Emilie,Frye,1935169014,emilie.frye@example.com,Iphone,08/22/2003,san francisco,usa,
793,Elif,Hopkins,9534919939,elif.hopkins@example.com,Iphone,12/04/1985,new york,usa,
794,Hazel,Watson,3497253565,hazel.watson@example.com,"Android, Desktop",09/29/2000,new york,usa,
795,Jonathan,David,8156367913,jonathan.david@example.com,Desktop,01/09/2000,san francisco,usa,
796,Robbie,Hardy,9507163630,robbie.hardy@example.com,Android,10/01/1992,chicago,usa,
797,Lilian,Strickland,9254381993,lilian.strickland@example.com,"Android, Desktop",12/24/2001,toronto,canada,
799,Richard,Jones,4788143941,richard.jones@example.com,"Iphone, Desktop",02/24/1995,san francisco,usa,
800,Olivier,Thornton,4014946634,olivier.thornton@example.com,"Android, Iphone, Desktop",04/09/1977,montreal,canada,
801,Gabriel,Mccormick,9038459623,gabriel.mccormick@example.com,Desktop,06/30/1992,new york,usa,
802,Eleni,Maxwell,4492374755,eleni.maxwell@example.com,Android,02/10/1988,san diego,usa,
803,Susan,Fowler,3051178580,susan.fowler@example.com,"Android, Iphone",08/23/1988,san diego,usa,
804,Amin,Petersen,6801771233,amin.petersen@example.com,Desktop,06/03/1993,london,united kingdom,
805,Gareth,Sanford,1618427749,gareth.sanford@example.com,Android,12/01/1998,chicago,usa,
806,Miriam,Stuart,8463332100,miriam.stuart@example.com,"Android, Iphone, Desktop",02/17/1983,montreal,canada,
807,Polly,Mendez,9164538696,polly.mendez@example.com,"Android, Iphone",10/09/1988,san francisco,usa,
808,Omer,Kemp,8575313045,omer.kemp@example.com,"Android, Desktop",12/25/2000,san francisco,usa,
809,Abdullahi,Carson,6325478327,abdullahi.carson@example.com,"Android, Iphone, Desktop",08/11/1985,toronto,canada,
810,Syed,Mooney,3489294959,syed.mooney@example.com,"Iphone, Desktop",10/17/1990,san francisco,usa,
811,Dante,Moon,2855516208,dante.moon@example.com,"Android, Iphone, Desktop",09/27/1956,new york,usa,
812,Saad,Ali,1851893978,saad.ali@example.com,Iphone,12/21/2001,san francisco,usa,
813,Arthur,Hebert,2033432956,arthur.hebert@example.com,Android,02/08/2007,new york,usa,
814,Demi,Patel,7038298473,demi.patel@example.com,"Android, Desktop",10/05/1992,los angeles,usa,
815,Aurora,Andrews,3533072005,aurora.andrews@example.com,Desktop,04/02/1999,san diego,usa,
817,Renee,Mullen,1851708307,renee.mullen@example.com,"Android, Desktop",10/28/2006,san diego,usa,
818,Alexander,Reid,8423143728,alexander.reid@example.com,"Iphone, Desktop",02/09/1988,montreal,canada,
819,Dewey,Lucas,3232349528,dewey.lucas@example.com,Iphone,10/18/1993,san francisco,usa,
820,Wilbur,Hicks,9792169924,wilbur.hicks@example.com,Android,06/19/2003,san diego,usa,
821,Riley,Fletcher,5227505985,riley.fletcher@example.com,Android,12/18/1996,london,united kingdom,
822,Marissa,Hayes,3653593043,marissa.hayes@example.com,"Android, Iphone, Desktop",01/28/1973,san francisco,usa,
823,Juliette,Gordon,4245342837,juliette.gordon@example.com,"Android, Desktop",02/08/1993,chicago,usa,
824,Dan,Bates,9441895693,dan.bates@example.com,Desktop,06/16/1988,san francisco,usa,
825,Chiara,Ho,2793315254,chiara.ho@example.com,Iphone,08/18/1992,montreal,canada,
826,Sinead,Montes,7118296800,sinead.montes@example.com,Android,10/11/1989,new york,usa,
827,Laurence,Graves,6094355709,laurence.graves@example.com,Desktop,10/27/2002,los angeles,usa,
828,Nora,Donaldson,4146185713,nora.donaldson@example.com,"Android, Iphone, Desktop",11/13/1998,san diego,usa,
829,Ismaeel,Schmidt,1104783409,ismaeel.schmidt@example.com,Iphone,02/07/1993,los angeles,usa,
830,Adem,Mccoy,8857794082,adem.mccoy@example.com,"Android, Iphone, Desktop",07/13/1996,san francisco,usa,
831,Angel,Browning,7682051455,angel.browning@example.com,Desktop,07/19/1961,los angeles,usa,
832,Mabel,Foley,4178579143,mabel.foley@example.com,Desktop,02/16/1997,new york,usa,
833,Hayley,Montoya,6725666794,hayley.montoya@example.com,Desktop,08/16/1991,new york,usa,
834,Arnold,Spencer,9627018237,arnold.spencer@example.com,"Iphone, Desktop",02/22/1992,san francisco,usa,
835,Russell,Carlson,6357587564,russell.carlson@example.com,"Android, Desktop",08/09/1995,san francisco,usa,
836,Sasha,Ponce,7466505343,sasha.ponce@example.com,"Android, Iphone",02/22/1987,new york,usa,
837,Izaak,Welsh,2804739965,izaak.welsh@example.com,"Android, Iphone, Desktop",10/11/1989,los angeles,usa,
838,Aisha,Sosa,9644489785,aisha.sosa@example.com,Iphone,07/17/1990,new york,usa,
839,Keeley,Mills,1239722938,keeley.mills@example.com,Desktop,07/18/1987,new york,usa,
840,Mason,Kelley,1859701196,mason.kelley@example.com,"Android, Desktop",05/05/1967,san francisco,usa,
841,Khalid,Davies,1915829251,khalid.davies@example.com,Desktop,12/17/1995,san francisco,usa,
842,Nancy,Blair,4341747916,nancy.blair@example.com,"Iphone, Desktop",05/17/1996,toronto,canada,
844,Marnie,Sheppard,5762614653,marnie.sheppard@example.com,Desktop,03/16/1985,los angeles,usa,
845,Valerie,Bright,8383333237,valerie.bright@example.com,Iphone,05/22/1987,los angeles,usa,
846,John,Mason,7688883211,john.mason@example.com,"Android, Desktop",02/09/1985,san diego,usa,
847,Hamish,Khan,6091544773,hamish.khan@example.com,Desktop,11/17/1993,los angeles,usa,
848,Charis,Bray,1759258526,charis.bray@example.com,"Android, Desktop",08/23/1994,los angeles,usa,
849,Soraya,Bradford,9515133667,soraya.bradford@example.com,Desktop,01/04/1991,chicago,usa,
850,Taylor,Woods,2943658364,taylor.woods@example.com,"Android, Iphone, Desktop",07/14/2003,chicago,usa,
851,Eshal,Carpenter,9181913394,eshal.carpenter@example.com,"Android, Desktop",08/09/2005,chicago,usa,
852,Evelyn,Cross,3126438868,evelyn.cross@example.com,Iphone,03/11/1965,san francisco,usa,
853,Chester,Bell,5015411518,chester.bell@example.com,Iphone,09/03/1994,new york,usa,
854,Ffion,Knight,2331594158,ffion.knight@example.com,Iphone,06/12/1988,san diego,usa,
855,Yaseen,Kennedy,7781721502,yaseen.kennedy@example.com,"Android, Iphone, Desktop",10/22/1985,chicago,usa,
856,Maisie,Cunningham,3891109784,maisie.cunningham@example.com,"Iphone, Desktop",07/21/2005,los angeles,usa,
857,Clementine,Beck,6077936646,clementine.beck@example.com,"Iphone, Desktop",10/31/1994,san diego,usa,
859,Sameer,Watkins,9823139358,sameer.watkins@example.com,Desktop,10/09/2001,montreal,canada,
860,Anton,Hartman,7089869234,anton.hartman@example.com,"Android, Iphone, Desktop",12/29/1986,london,united kingdom,
861,Deacon,Boone,9503356994,deacon.boone@example.com,"Android, Iphone, Desktop",12/21/1991,new york,usa,
862,Alexandros,Ryan,8495708792,alexandros.ryan@example.com,"Android, Iphone, Desktop",12/11/1987,los angeles,usa,
863,Mya,Delgado,7609319269,mya.delgado@example.com,Iphone,05/04/1991,london,united kingdom,
864,Asia,Holloway,5128767834,asia.holloway@example.com,Desktop,08/04/1996,los angeles,usa,
865,Christina,Blanchard,4208873636,christina.blanchard@example.com,Desktop,09/03/2003,new york,usa,
866,Emelia,Bridges,3476405509,emelia.bridges@example.com,"Android, Desktop",10/06/1987,san diego,usa,
867,Ioan,Harrington,8031202281,ioan.harrington@example.com,Iphone,12/26/1989,san diego,usa,
868,Cecilia,David,9199255280,cecilia.david@example.com,"Android, Iphone, Desktop",02/13/1964,new york,usa,
870,Stacey,Manning,9819526391,stacey.manning@example.com,Android,12/03/1993,los angeles,usa,
871,Ronnie,Burch,1846201928,ronnie.burch@example.com,"Iphone, Desktop",11/28/1995,san diego,usa,
873,Luke,Graham,1321592485,luke.graham@example.com,Android,06/18/1988,san diego,usa,
874,Alasdair,Mckinney,6083008331,alasdair.mckinney@example.com,"Android, Desktop",02/20/2007,montreal,canada,
875,Cayden,Walls,3556498007,cayden.walls@example.com,"Android, Desktop",08/17/1993,san francisco,usa,
876,Serena,Lewis,7301877131,serena.lewis@example.com,"Android, Iphone, Desktop",12/14/1986,montreal,canada,
877,Drew,Orozco,5317092553,drew.orozco@example.com,Iphone,06/25/1996,san diego,usa,
878,Mateo,Francis,5083908347,mateo.francis@example.com,Iphone,08/01/2005,los angeles,usa,
879,Lucy,Fuentes,4279485524,lucy.fuentes@example.com,"Android, Desktop",03/14/2001,new york,usa,
880,Pippa,Harding,4191834778,pippa.harding@example.com,Desktop,08/22/1990,chicago,usa,
881,Kathleen,Carter,2107989930,kathleen.carter@example.com,Iphone,09/01/1973,san francisco,usa,
882,Josie,Holt,7454836160,josie.holt@example.com,Desktop,06/13/1986,los angeles,usa,
883,Daniela,James,7161453987,daniela.james@example.com,Iphone,12/30/1999,san francisco,usa,
884,Randy,Sparks,3394681078,randy.sparks@example.com,Iphone,11/28/1990,new york,usa,
885,Omar,Ashley,1569127263,omar.ashley@example.com,Iphone,05/05/1995,los angeles,usa,
886,Zachary,Lawson,6554751852,zachary.lawson@example.com,Desktop,06/19/1995,san diego,usa,
887,Samson,Berger,8158179902,samson.berger@example.com,"Android, Iphone, Desktop",04/29/1986,san francisco,usa,
888,Liana,Baldwin,7363669050,liana.baldwin@example.com,Android,11/24/1979,san diego,usa,
889,Lucas,Mcdowell,8415806320,lucas.mcdowell@example.com,"Android, Desktop",01/15/1988,chicago,usa,
890,Ahmad,Landry,2078419893,ahmad.landry@example.com,Desktop,10/31/1970,los angeles,usa,
891,Cordelia,Serrano,9503191013,cordelia.serrano@example.com,"Android, Desktop",12/26/2000,london,united kingdom,
892,Sydney,Pratt,2978381084,sydney.pratt@example.com,"Iphone, Desktop",12/26/1992,toronto,canada,
893,Benjamin,Riddle,8356458652,benjamin.riddle@example.com,"Android, Desktop",10/02/2007,toronto,canada,
894,Kyran,Foster,3624649875,kyran.foster@example.com,"Iphone, Desktop",04/11/1990,chicago,usa,
895,Kamil,Guzman,6418296099,kamil.guzman@example.com,"Iphone, Desktop",12/09/1992,san francisco,usa,
896,Jordanne,Juarez,3766018743,jordanne.juarez@example.com,Iphone,06/09/1964,san francisco,usa,
897,Zoe,Decker,1974549658,zoe.decker@example.com,"Iphone, Desktop",10/27/1988,los angeles,usa,
899,Frankie,Jenkins,3014095419,frankie.jenkins@example.com,Desktop,08/23/1989,san francisco,usa,
900,Zane,Oconnor,1087725524,zane.oconnor@example.com,Desktop,11/11/1991,chicago,usa,
901,Lily-May,Horne,5647618451,lily-may.horne@example.com,Iphone,06/09/1996,los angeles,usa,
902,Mitchell,Murray,9397096815,mitchell.murray@example.com,"Android, Iphone",03/01/1991,san francisco,usa,
903,Dominik,Velez,1497406115,dominik.velez@example.com,"Android, Iphone",09/18/1996,san francisco,usa,
905,Cory,Case,4061613681,cory.case@example.com,Android,10/21/1996,london,united kingdom,
907,Samia,Bradley,3638166259,samia.bradley@example.com,"Iphone, Desktop",09/07/1995,san diego,usa,
908,Nataniel,Glenn,5041125228,nataniel.glenn@example.com,"Android, Iphone, Desktop",10/12/1995,los angeles,usa,
909,Tyler,Vasquez,8996687177,tyler.vasquez@example.com,Iphone,03/13/1991,london,united kingdom,
910,Everly,Chaney,1842945435,everly.chaney@example.com,Desktop,11/14/1986,san francisco,usa,
911,Sapphire,Lane,8471388647,sapphire.lane@example.com,"Android, Iphone",01/05/1989,chicago,usa,
912,Junaid,Fletcher,6775714277,junaid.fletcher@example.com,"Iphone, Desktop",07/16/1994,los angeles,usa,
913,Ricardo,Odling,2182729415,ricardo.odling@example.com,"Android, Iphone",07/29/1969,new york,usa,
914,Nancy,Sharp,7238661140,nancy.sharp@example.com,Desktop,12/30/1987,los angeles,usa,
915,Barry,Buck,6673916777,barry.buck@example.com,"Android, Iphone, Desktop",10/17/2007,san francisco,usa,
916,Mya,Ho,4487708204,mya.ho@example.com,"Iphone, Desktop",05/30/1993,san francisco,usa,
917,Carol,Russo,1921569508,carol.russo@example.com,"Android, Desktop",10/03/1993,toronto,canada,
918,William,Franco,1964683312,william.franco@example.com,"Android, Iphone",10/17/1986,toronto,canada,
919,Ayesha,Underwood,6872849762,ayesha.underwood@example.com,"Android, Iphone, Desktop",09/19/1967,san francisco,usa,
920,Kamil,Bernard,4005281349,kamil.bernard@example.com,Desktop,05/18/1997,san francisco,usa,
921,Hollie,Escobar,9783126279,hollie.escobar@example.com,"Android, Iphone, Desktop",10/05/1973,london,united kingdom,
923,Russell,Long,3999597203,russell.long@example.com,"Android, Iphone, Desktop",08/14/2002,montreal,canada,
924,Kendra,Francis,6806033144,kendra.francis@example.com,Android,02/22/1987,san francisco,usa,
925,Yasmine,Scott,3003216761,yasmine.scott@example.com,Desktop,06/02/1977,san diego,usa,
926,Ann,John,8143626094,ann.john@example.com,"Iphone, Desktop",06/28/2005,san francisco,usa,
927,Alejandro,Kent,9153203214,alejandro.kent@example.com,"Android, Iphone",03/02/2001,chicago,usa,
928,Hanna,Knight,2491981689,hanna.knight@example.com,"Android, Iphone",10/29/2001,san diego,usa,
929,Alannah,Perkins,7055216039,alannah.perkins@example.com,"Android, Iphone",03/26/1987,chicago,usa,
930,Christina,Mays,3331438841,christina.mays@example.com,"Android, Desktop",04/16/1994,san francisco,usa,
931,Tori,Rowland,3724709101,tori.rowland@example.com,"Android, Iphone",05/24/1967,san diego,usa,
932,Ayden,Valentine,2083921702,ayden.valentine@example.com,"Android, Desktop",06/15/1995,san francisco,usa,
933,Kaine,Blankenship,2942747917,kaine.blankenship@example.com,"Android, Iphone",05/17/2003,san diego,usa,
934,Alessandro,French,2165161958,alessandro.french@example.com,"Android, Desktop",12/13/1956,san diego,usa,
935,Chloe,Mullen,7233577363,chloe.mullen@example.com,Android,07/30/2001,new york,usa,
936,Ted,Wiggins,1531763641,ted.wiggins@example.com,Android,12/02/1957,san diego,usa,
937,Nina,Mathews,8633852205,nina.mathews@example.com,Iphone,05/07/1996,new york,usa,
938,Alisha,Hoover,5002517080,alisha.hoover@example.com,Android,05/07/1990,san diego,usa,
939,Alyssa,Bradshaw,6063538050,alyssa.bradshaw@example.com,"Android, Desktop",03/14/1969,san diego,usa,
940,Marilyn,Hart,6355815074,marilyn.hart@example.com,"Android, Iphone, Desktop",11/17/1992,los angeles,usa,
941,Connor,Neal,1898277386,connor.neal@example.com,"Android, Desktop",02/08/1986,chicago,usa,
942,Cai,Rowe,2633919368,cai.rowe@example.com,"Android, Desktop",07/26/1998,new york,usa,
943,Delores,Carroll,7785322184,delores.carroll@example.com,Iphone,12/21/1992,chicago,usa,
944,Hiba,Hicks,6403903390,hiba.hicks@example.com,"Android, Iphone",06/16/2004,chicago,usa,
945,Elisha,Owens,1956991871,elisha.owens@example.com,Iphone,08/23/1998,los angeles,usa,
946,Lacie,Mayer,4125628215,lacie.mayer@example.com,"Android, Iphone",02/02/1989,toronto,canada,
947,Isra,Burgess,1424703907,isra.burgess@example.com,"Android, Desktop",04/18/2004,san diego,usa,
948,Kobe,Knapp,9112889695,kobe.knapp@example.com,"Iphone, Desktop",05/26/1990,los angeles,usa,
949,Sufyaan,Villanueva,8822821419,sufyaan.villanueva@example.com,Android,10/16/1996,toronto,canada,
950,Meredith,Reyes,6807377650,meredith.reyes@example.com,Android,12/15/1956,new york,usa,
951,Chelsea,Proctor,2565603458,chelsea.proctor@example.com,Desktop,08/24/2002,chicago,usa,
952,Humaira,Quinn,6238871255,humaira.quinn@example.com,Desktop,08/14/1995,london,united kingdom,
953,Zaynab,Davila,7679065124,zaynab.davila@example.com,Iphone,04/14/1987,toronto,canada,
954,Aston,Villegas,5536406714,aston.villegas@example.com,"Android, Desktop",11/28/1956,los angeles,usa,
955,Stuart,Clements,1042214124,stuart.clements@example.com,"Android, Iphone, Desktop",02/17/1992,new york,usa,
956,Zakariya,Stuart,1927764957,zakariya.stuart@example.com,Desktop,02/12/1992,los angeles,usa,
957,Effie,Jordan,7785662709,effie.jordan@example.com,"Iphone, Desktop",01/27/1995,san francisco,usa,
958,Luna,Fowler,1373656816,luna.fowler@example.com,"Android, Iphone, Desktop",12/25/1991,los angeles,usa,
959,Haydn,Contreras,6949212135,haydn.contreras@example.com,"Iphone, Desktop",12/27/2007,chicago,usa,
960,Lewis,Mcmahon,6824264872,lewis.mcmahon@example.com,Android,09/02/1994,san francisco,usa,
961,Tobias,Schultz,9958542821,tobias.schultz@example.com,"Iphone, Desktop",09/23/1993,los angeles,usa,
963,Billy,Norton,8166145153,billy.norton@example.com,Android,01/05/2000,chicago,usa,
964,Colby,Harding,5845547060,colby.harding@example.com,"Android, Iphone, Desktop",08/05/1997,san francisco,usa,
965,Renee,Arroyo,7066634493,renee.arroyo@example.com,"Iphone, Desktop",02/06/1985,los angeles,usa,
966,Marjorie,Munoz,3856374138,marjorie.munoz@example.com,Android,02/22/1998,los angeles,usa,
967,Emilio,Stevenson,2933992353,emilio.stevenson@example.com,Android,06/03/1989,toronto,canada,
968,Roosevelt,Huff,3487161274,roosevelt.huff@example.com,"Android, Desktop",11/24/1996,new york,usa,
969,Layla,Roth,8122078855,layla.roth@example.com,"Android, Iphone",10/16/2003,montreal,canada,
970,Qasim,Bullock,3924684297,qasim.bullock@example.com,"Android, Iphone, Desktop",08/14/1995,chicago,usa,
971,Kyran,Duncan,4336323326,kyran.duncan@example.com,"Android, Desktop",11/18/1994,new york,usa,
972,Rhiannon,Vaughan,2066266238,rhiannon.vaughan@example.com,"Android, Iphone",12/18/1965,chicago,usa,
973,Jean,Winters,5269382752,jean.winters@example.com,"Android, Desktop",02/14/1994,san diego,usa,
974,Jared,Hamilton,6427077765,jared.hamilton@example.com,Android,10/29/2007,new york,usa,
975,Zachary,Rubio,9714771542,zachary.rubio@example.com,"Android, Iphone, Desktop",06/10/2004,montreal,canada,
976,Marnie,Mayo,7253312757,marnie.mayo@example.com,Android,02/13/2002,san diego,usa,
978,Zain,Haney,2065143761,zain.haney@example.com,Desktop,12/20/1991,new york,usa,
979,Myrtle,Bradford,9605933677,myrtle.bradford@example.com,"Android, Iphone",04/16/1991,san diego,usa,
980,Kacie,Lester,6736516332,kacie.lester@example.com,Android,07/20/1994,toronto,canada,
981,Gwen,Norris,6996069952,gwen.norris@example.com,"Android, Iphone",05/03/1999,san diego,usa,
982,Myles,Sharpe,4206824722,myles.sharpe@example.com,Iphone,05/04/1997,toronto,canada,
983,Nicola,Davenport,3356795225,nicola.davenport@example.com,"Iphone, Desktop",09/28/1998,toronto,canada,
984,Adrian,Joseph,8084566071,adrian.joseph@example.com,"Android, Iphone, Desktop",06/12/2005,chicago,usa,
985,Lloyd,Robbins,6034943648,lloyd.robbins@example.com,"Iphone, Desktop",07/07/1987,london,united kingdom,
986,Rosanna,Dyer,5126006692,rosanna.dyer@example.com,Iphone,08/30/1995,los angeles,usa,
988,Cain,Robertson,3755255823,cain.robertson@example.com,"Iphone, Desktop",10/27/1984,new york,usa,
989,Leyla,Finley,7433777767,leyla.finley@example.com,"Iphone, Desktop",04/20/1992,new york,usa,
990,Juliette,Luna,7828066417,juliette.luna@example.com,Iphone,07/23/1999,new york,usa,
991,Marion,Webster,1692189165,marion.webster@example.com,"Iphone, Desktop",08/05/1987,toronto,canada,
992,Sebastian,Pierce,9477171440,sebastian.pierce@example.com,"Android, Iphone, Desktop",10/03/2003,chicago,usa,
993,Jayson,Sutton,2897759088,jayson.sutton@example.com,"Iphone, Desktop",02/12/1992,montreal,canada,
994,Inaaya,Bruce,7807738755,inaaya.bruce@example.com,"Android, Desktop",03/21/1994,london,united kingdom,
995,Raja,Reeves,9905697356,raja.reeves@example.com,"Android, Iphone",10/27/1988,montreal,canada,
996,Maria,Stephens,7985784631,maria.stephens@example.com,"Android, Iphone",06/08/1998,toronto,canada,
997,Sam,Arias,4154671137,sam.arias@example.com,Iphone,01/30/1993,chicago,usa,
998,Fey,Kuser,9999999999,fey_kuser@example.com,"Android, Iphone, Desktop",01/01/1970,santa claus,usa,
999,Fatimah,Johns,5204337411,fatimah.johns@example.com,Iphone,03/01/1987,london,united kingdom,
1000,Ada,Reid,9589449616,ada.reid@example.com,"Android, Iphone, Desktop",06/08/1999,chicago,usa,
1001,Simeon,Mccall,1351257738,simeon.mccall@example.com,"Android, Desktop",03/03/1995,san francisco,usa,
5,Beatrix,Everett,1946402758,beatrix.everett@example.com,Android,"August 14, 1984",paris,france,Beatrix Everett
24,Isabelle,Lopez,9818783234,isabelle.lopez@example.com,"Android, Iphone","July 09, 1966",paris,france,Isabelle Lopez
26,Julius,Garrett,8666647969,julius.garrett@example.com,"Android, Iphone, Desktop","April 10, 1963",barcelona,spain,Julius Garrett
29,Dafydd,Preston,3689873267,dafydd.preston@example.com,"Android, Iphone, Desktop","July 20, 1977",barcelona,spain,Dafydd Preston
33,Louise,Daniel,9173484728,louise.daniel@example.com,"Android, Iphone","April 18, 1976",barcelona,spain,Louise Daniel
39,Keyaan,Holland,8457972979,keyaan.holland@example.com,"Android, Iphone","October 31, 1974",barcelona,spain,Keyaan Holland
68,Saif,Green,9786597286,saif.green@example.com,Iphone,"March 03, 1943",paris,france,Saif Green
73,Kara,Stewart,7943142500,kara.stewart@example.com,"Android, Iphone","April 21, 1992",paris,france,Kara Stewart
117,Priya,Moore,4556924736,priya.moore@example.com,Desktop,"April 27, 1991",paris,france,Priya Moore
119,Arron,Peck,2263927970,arron.peck@example.com,"Android, Iphone","January 14, 1957",paris,france,Arron Peck
120,Justin,Rowland,6657252354,justin.rowland@example.com,"Android, Iphone","October 14, 1970",paris,france,Justin Rowland
125,Nora,Ball,9215289551,nora.ball@example.com,Desktop,"December 13, 1959",barcelona,spain,Nora Ball
142,Everly,Fuentes,3983698927,everly.fuentes@example.com,Android,"July 28, 2001",barcelona,spain,Everly Fuentes
173,Enya,Hernandez,4063971498,enya.hernandez@example.com,Iphone,"December 18, 1987",barcelona,spain,Enya Hernandez
218,Tony,Shepard,4167728288,tony.shepard@example.com,Iphone,"April 07, 1997",barcelona,spain,Tony Shepard
222,Sonia,Lowe,4185504001,sonia.lowe@example.com,Android,"September 05, 1982",paris,france,Sonia Lowe
228,Ned,Rowland,4001039062,ned.rowland@example.com,Iphone,"April 10, 2000",paris,france,Ned Rowland
261,Dulcie,Melendez,6598435422,dulcie.melendez@example.com,"Android, Desktop","February 29, 1972",barcelona,spain,Dulcie Melendez
271,Princess,Schneider,6836046287,princess.schneider@example.com,"Android, Desktop","July 06, 1985",paris,france,Princess Schneider
281,Rosa,Stone,9222164141,rosa.stone@example.com,Iphone,"December 06, 1966",paris,france,Rosa Stone
330,Abubakar,Shaffer,4048499394,abubakar.shaffer@example.com,Android,"April 02, 1955",barcelona,spain,Abubakar Shaffer
338,Patricia,John,3383456084,patricia.john@example.com,Desktop,"December 30, 1998",barcelona,spain,Patricia John
344,Randy,Edwards,9351072953,randy.edwards@example.com,Iphone,"January 30, 1990",barcelona,spain,Randy Edwards
358,Sadie,Hammond,7996094421,sadie.hammond@example.com,"Android, Iphone","April 01, 1956",barcelona,spain,Sadie Hammond
360,Judy,Clayton,7575334647,judy.clayton@example.com,"Android, Iphone","May 10, 1966",paris,france,Judy Clayton
379,Leanne,Cordova,5142257453,leanne.cordova@example.com,Desktop,"October 03, 1948",paris,france,Leanne Cordova
393,Timothy,Jacobs,1053565519,timothy.jacobs@example.com,"Android, Desktop","March 27, 1982",barcelona,spain,Timothy Jacobs
403,Tariq,Holman,7346478275,tariq.holman@example.com,"Iphone, Desktop","June 24, 1951",paris,france,Tariq Holman
412,Omar,Clements,9982341057,omar.clements@example.com,Desktop,"March 16, 1963",barcelona,spain,Omar Clements
427,Lola,Vaughan,7224006707,lola.vaughan@example.com,Desktop,"February 25, 1990",paris,france,Lola Vaughan
448,Amna,Garner,1575188037,amna.garner@example.com,"Android, Iphone, Desktop","June 03, 1956",paris,france,Amna Garner
450,Rio,Suarez,3041828487,rio.suarez@example.com,"Iphone, Desktop","December 23, 2000",paris,france,Rio Suarez
465,Karen,Robles,1443677871,karen.robles@example.com,Desktop,"February 10, 1970",barcelona,spain,Karen Robles
468,Cassie,Gaines,4966922413,cassie.gaines@example.com,"Iphone, Desktop","September 17, 1998",paris,france,Cassie Gaines
474,Willard,Gray,8949144304,willard.gray@example.com,"Android, Iphone, Desktop","January 05, 1948",paris,france,Willard Gray
475,Sophie,Lindsey,3928647558,sophie.lindsey@example.com,Desktop,"December 09, 1959",paris,france,Sophie Lindsey
477,Dillon,Cisneros,3043846230,dillon.cisneros@example.com,"Android, Iphone, Desktop","November 15, 1971",paris,france,Dillon Cisneros
488,Jenson,Carlson,2822493068,jenson.carlson@example.com,"Android, Iphone, Desktop","January 14, 1960",paris,france,Jenson Carlson
500,Alexandra,Young,4254147823,alexandra.young@example.com,"Android, Desktop","July 20, 1967",barcelona,spain,Alexandra Young
552,Daniel,Reid,7539361634,daniel.reid@example.com,Android,"September 21, 1977",paris,france,Daniel Reid
574,Kevin,Sherman,1856176120,kevin.sherman@example.com,Iphone,"September 21, 1969",barcelona,spain,Kevin Sherman
580,Aayan,Donovan,4764019860,aayan.donovan@example.com,"Android, Desktop","May 06, 1973",paris,france,Aayan Donovan
609,Taylor,Leon,8574189149,taylor.leon@example.com,Android,"May 18, 1963",paris,france,Taylor Leon
614,Ibrahim,Robertson,6032993596,ibrahim.robertson@example.com,"Android, Iphone, Desktop","July 13, 1992",barcelona,spain,Ibrahim Robertson
628,Nancy,Stuart,3016861705,nancy.stuart@example.com,Iphone,"May 19, 1966",paris,france,Nancy Stuart
649,Zaynah,Wong,5978358978,zaynah.wong@example.com,"Android, Iphone","August 09, 1981",paris,france,Zaynah Wong
650,Cormac,Greer,7221207628,cormac.greer@example.com,"Iphone, Desktop","July 26, 1950",paris,france,Cormac Greer
691,Brett,Landry,2131717560,brett.landry@example.com,Iphone,"March 19, 1982",barcelona,spain,Brett Landry
707,Muhammad,Henry,2986126847,muhammad.henry@example.com,"Android, Iphone, Desktop","October 24, 1944",paris,france,Muhammad Henry
715,Oliver,Garner,9379762511,oliver.garner@example.com,"Iphone, Desktop","November 29, 1996",paris,france,Oliver Garner
736,Chantelle,Holt,2565851002,chantelle.holt@example.com,"Android, Desktop","May 09, 1992",paris,france,Chantelle Holt
741,Millicent,Solomon,5974348108,millicent.solomon@example.com,"Iphone, Desktop","January 23, 1992",paris,france,Millicent Solomon
759,Martina,Steele,3498415113,martina.steele@example.com,Desktop,"September 06, 1995",paris,france,Martina Steele
785,Kara,Shelton,8376516819,kara.shelton@example.com,"Android, Iphone, Desktop","May 22, 1946",paris,france,Kara Shelton
788,Ted,Eaton,5349153617,ted.eaton@example.com,Desktop,"May 13, 1982",paris,france,Ted Eaton
798,Brenda,Deleon,9979812043,brenda.deleon@example.com,Iphone,"June 14, 1957",paris,france,Brenda Deleon
816,Albie,Larson,2529103152,albie.larson@example.com,"Android, Iphone","November 24, 1984",barcelona,spain,Albie Larson
843,Tiffany,Griffith,2013025165,tiffany.griffith@example.com,Android,"October 01, 1950",paris,france,Tiffany Griffith
858,Simon,Santiago,4712904198,simon.santiago@example.com,"Android, Desktop","January 25, 2001",paris,france,Simon Santiago
869,Bibi,Weaver,9567872725,bibi.weaver@example.com,"Android, Iphone","March 29, 1974",paris,france,Bibi Weaver
872,Tomasz,Baker,7786427614,tomasz.baker@example.com,"Android, Desktop","July 14, 1987",barcelona,spain,Tomasz Baker
898,Alana,Koch,5768287913,alana.koch@example.com,"Iphone, Desktop","October 07, 1966",barcelona,spain,Alana Koch
904,Martin,Perry,5864206418,martin.perry@example.com,"Android, Iphone","January 22, 1977",paris,france,Martin Perry
906,Astrid,Miles,4734118478,astrid.miles@example.com,"Iphone, Desktop","November 06, 1944",paris,france,Astrid Miles
922,Luisa,Haley,9168793164,luisa.haley@example.com,"Iphone, Desktop","July 11, 1953",barcelona,spain,Luisa Haley
962,Isobella,Gilbert,7179619368,isobella.gilbert@example.com,"Android, Desktop","April 28, 1952",barcelona,spain,Isobella Gilbert
977,Anita,Skinner,8851341740,anita.skinner@example.com,"Android, Iphone","December 20, 1957",barcelona,spain,Anita Skinner
987,Caitlyn,Lawson,4707232187,caitlyn.lawson@example.com,"Iphone, Desktop","September 28, 1970",paris,france,Caitlyn Lawson
1002,Fey,Kuser,9999991111,fey.kuser@example.com,"Android, Iphone, Desktop",01/01/1970,santa claus,usa,Fey Kuser
